web-scraper-order,web-scraper-start-url,author,title,date,content,rating,next,next-href
"1582056445-2686","https://www.amazon.de/NIKE-Herren-Kurzarm-Trikot-Park/product-reviews/B01HI0R8VS/ref=cm_cr_dp_d_show_all_btm?ie=UTF8&reviewerType=all_reviews","Christoph","Im Kraftsport zu empfehlen!","19. Oktober 2019","Habe mir das „Nike Trikot“ als ambitionierter Kraftsportler für mein Training im Studio gekauft. Für meine Eckdaten, 182cm, 95kg, ca 13-15%kfa kann ich hier die Größe L empfehlen. Schweiß wird super absorbiert, Trikot hat eine super Passform, gerade für die kräftigeren Personen aus dem Bereich Kraftsport etc./ und die dementsprechend stärkeren Partien wie Schultern, Rücken, Amre, Brust, durch die Passform sehr zu empfehlen!","5,0 von 5 Sternen","Weiter→","https://www.amazon.de/NIKE-Herren-Kurzarm-Trikot-Park/product-reviews/B01HI0R8VS/ref=cm_cr_arp_d_paging_btm_3?ie=UTF8&pageNumber=3&reviewerType=all_reviews"
"1582056457-2725","https://www.amazon.de/NIKE-Herren-Kurzarm-Trikot-Park/product-reviews/B01HI0R8VS/ref=cm_cr_dp_d_show_all_btm?ie=UTF8&reviewerType=all_reviews","Kunde","Gutes Shirt","18. März 2018","Das Shirt ist für den Preis (~ 15 €) ok. Allerdings habe ich für unter 15 € zwei Under Armor Shirts geschossen mit denen ich persönlich besser klar komme. Angenehmer zu tragen, besserer Abtransport von Schweiß.","3,0 von 5 Sternen","Weiter→","https://www.amazon.de/NIKE-Herren-Kurzarm-Trikot-Park/product-reviews/B01HI0R8VS/ref=cm_cr_arp_d_paging_btm_7?ie=UTF8&pageNumber=7&reviewerType=all_reviews"
"1582056440-2663","https://www.amazon.de/NIKE-Herren-Kurzarm-Trikot-Park/product-reviews/B01HI0R8VS/ref=cm_cr_dp_d_show_all_btm?ie=UTF8&reviewerType=all_reviews","Sivan","Ein klasse Shirt für den Sport","29. Dezember 2018","Im Folgenden Werde ich näher auf einzelne Punkte eingehen und sie objektiv werten.

Verarbeitung:
Das Shirt ist sehr gut verarbeitet. Es gibt keine raushängenden Fäden o.ä. Auch nach mehreren Wäschen konnte ich nichts feststellen. Der Stoff ist angenehm und fühlt sich auf der Haut nicht störend an. Und dabei kostet es nur knapp um die 14 Euro.

Funktion:
Ich habe das Shirt nun mehrmals im Einsatz gehabt und kann nur positives berichten. Es erfüllt seinen Zweck hervorragend. Der Schweiß wird gut nach außen befördert.

Preis-Leistung:
Ich finde, dass Nike hier ein Sportshirt von sehr guter Qualität, zu einem mehr als fähren Preis bietet. Verkauft wird es hier in desem Fall von Amazon, deshalb berücksichtige ich hier den Verkaufspreis bei Amazon.

Fazit:
Ein sehr gutes Sportshirt, was seinen mehr als fähren Preiss, mehr als wert ist. Und das bei einem Nike-Produkt zu schreiben, empfinde ich nicht als selbstverständlich. Ich bereue den Kauf keinesfalls und kann das Produkt guten Gewissens weiterempfählen.
Ich hoffe ich konnte helfen. Über ein „hilfreich“ würde ich mich freuen.","5,0 von 5 Sternen","",""
"1582056454-2717","https://www.amazon.de/NIKE-Herren-Kurzarm-Trikot-Park/product-reviews/B01HI0R8VS/ref=cm_cr_dp_d_show_all_btm?ie=UTF8&reviewerType=all_reviews","Jakob","Super visible","2. August 2017","Super visible even when it gets dim outside. Fits very comfortable (70kg, 1.87m, male) - not too thight, but also not too lose. A few cm of fabric to stretch pretty  much all around.

Looses a few fibres when first wearing it, but besides that - awesome. Color matches great with GORE Mythos Race Shorts in black (they have a yellow stripe on the side) and TaoTronics green bluetooth headset (slightly different shade, but very close).","5,0 von 5 Sternen","Weiter→","https://www.amazon.de/NIKE-Herren-Kurzarm-Trikot-Park/product-reviews/B01HI0R8VS/ref=cm_cr_arp_d_paging_btm_6?ie=UTF8&pageNumber=6&reviewerType=all_reviews"
"1582056445-2683","https://www.amazon.de/NIKE-Herren-Kurzarm-Trikot-Park/product-reviews/B01HI0R8VS/ref=cm_cr_dp_d_show_all_btm?ie=UTF8&reviewerType=all_reviews","FischWanda","Gutschein nach Rücksendung","5. Mai 2019","Nachdem die Grösse L doch zu gross war, wurde das Shirt erneut in Grösse M bestellt. Jetzt passt es super. Doch leider gab es für die Rücksendung nur einen Amazon Gutschein, was meiner Meinung nach ein absolutes no go ist! Wenn das jetzt ein grösserer Betrag gewesen wäre, hätte ich jetzt einen Gutschein von mehrere hundert Euro erhalten, nachdem ich die waren bereits in passender grösse Bestellt habe?!","1,0 von 5 Sternen","Weiter→","https://www.amazon.de/NIKE-Herren-Kurzarm-Trikot-Park/product-reviews/B01HI0R8VS/ref=cm_cr_arp_d_paging_btm_3?ie=UTF8&pageNumber=3&reviewerType=all_reviews"
"1582056454-2715","https://www.amazon.de/NIKE-Herren-Kurzarm-Trikot-Park/product-reviews/B01HI0R8VS/ref=cm_cr_dp_d_show_all_btm?ie=UTF8&reviewerType=all_reviews","Christian Wengler","Qualität eher mäßig","8. Juni 2018","T-Shirt ist deutlich länger als gängige Shirts von Nike oder anderen Herstellern. Eignet sich daher auch zum Radfahren.
Habe das Shirt wegen des niedrigen Preises gekauft. Allerdings ist die schlechte Qualität doch deutlich zu sehen und zu spüren.
So dünner Stoff, man kann von innen durch das Shirt gucken. Stört mich persönlich nicht, wer macht das schon!?! Jedoch sind bereits nach 5x Tragen und Waschen einige Löcher und Maschen im Shirt. Das ist mir bei Shirts für 5-10 € mehr bisher nicht passiert. Befürchte, dass ich das Teil bald nur noch als Putzlappen verwenden kann. Also lieber mehr Geld für mehr Qualität in die Hand nehmen!","2,0 von 5 Sternen","Weiter→","https://www.amazon.de/NIKE-Herren-Kurzarm-Trikot-Park/product-reviews/B01HI0R8VS/ref=cm_cr_arp_d_paging_btm_6?ie=UTF8&pageNumber=6&reviewerType=all_reviews"
"1582056442-2677","https://www.amazon.de/NIKE-Herren-Kurzarm-Trikot-Park/product-reviews/B01HI0R8VS/ref=cm_cr_dp_d_show_all_btm?ie=UTF8&reviewerType=all_reviews","Niclas","Qualitativ schlecht","20. Juli 2019","Ich bin mir nicht wirklich sicher, ob ich hier ein ""Original Produkt"" erwischt habe. Das Logo und die Etiketten sehen zwar ""authentisch"" aus, allerdings fühlt sich der Stoff verhältnismäßig dick an und wirkt nicht besonders atmungsaktiv. Bei Sonnenschein ist das Tragen schon fast unangenehm.

Hinzu kommt, dass das Shirt bereits nach der ersten Wäsche Löcher auf einer Ärmelseite aufweist. Das kommt definitiv nicht durch die Waschmaschine und ist meiner Meinung nach auf die Verarbeitungsqualität zurückzuführen.","1,0 von 5 Sternen","Weiter→","https://www.amazon.de/NIKE-Herren-Kurzarm-Trikot-Park/product-reviews/B01HI0R8VS/ref=cm_cr_arp_d_paging_btm_2?ie=UTF8&pageNumber=2&reviewerType=all_reviews"
"1582056457-2728","https://www.amazon.de/NIKE-Herren-Kurzarm-Trikot-Park/product-reviews/B01HI0R8VS/ref=cm_cr_dp_d_show_all_btm?ie=UTF8&reviewerType=all_reviews","Don Marco","Tolles Trainingsshirt","23. Dezember 2019","Die Lieferung erfolgte wie immer sehr schnell. Das Shirt lässt sich angenehm tragen und die Atmungsaktivität ist auch für mein empfinden sehr gut. Die Qualität ist wie von NIKE gewohnt. Alles in allem, eine tolles Trainingsshirt!","5,0 von 5 Sternen","Weiter→","https://www.amazon.de/NIKE-Herren-Kurzarm-Trikot-Park/product-reviews/B01HI0R8VS/ref=cm_cr_arp_d_paging_btm_7?ie=UTF8&pageNumber=7&reviewerType=all_reviews"
"1582056442-2676","https://www.amazon.de/NIKE-Herren-Kurzarm-Trikot-Park/product-reviews/B01HI0R8VS/ref=cm_cr_dp_d_show_all_btm?ie=UTF8&reviewerType=all_reviews","T. Yilmaz","Perfekt für Sport, FItness und co.","2. Juli 2019","Das Trainingsshirt von Nike kommt im Fitnessstudio zum Einsatz.

Die Passform ist sehr angenehm, auch wenn es auf Anhieb vielleicht etwas zu eng erscheint, fühlt man sich darin wohl und es schnürt nicht ein beim Sport.

Das Tshirt ist sehr Atmungsaktiv und trocknet schnell wieder. Auch bemerkt man nicht, dass das Tshirt während des Trainings voll geschwitzt wird.

Vom Aussehen her ist es ziemlich modern geschnitten und man kann auch ohne Bedanken in der Freizeit und Außerhalb der Trainingshalle blicken lassen.

Top Preis-Leistungsverhältnis. Bereits nochmals in Rot bestellt!","5,0 von 5 Sternen","Weiter→","https://www.amazon.de/NIKE-Herren-Kurzarm-Trikot-Park/product-reviews/B01HI0R8VS/ref=cm_cr_arp_d_paging_btm_2?ie=UTF8&pageNumber=2&reviewerType=all_reviews"
"1582056451-2708","https://www.amazon.de/NIKE-Herren-Kurzarm-Trikot-Park/product-reviews/B01HI0R8VS/ref=cm_cr_dp_d_show_all_btm?ie=UTF8&reviewerType=all_reviews","Michaela","Keine Qualität","13. August 2018","Ich schreibe diese Rezension, weil ich von dieser Nike Short doch sehr enttäuscht bin. 2. mal gewaschen und die dunkelblaue Farbe ist jetzt schon sehr rotstichig. Spricht nicht für Qualität!!","1,0 von 5 Sternen","Weiter→","https://www.amazon.de/NIKE-Herren-Kurzarm-Trikot-Park/product-reviews/B01HI0R8VS/ref=cm_cr_arp_d_paging_btm_5?ie=UTF8&pageNumber=5&reviewerType=all_reviews"
"1582056440-2664","https://www.amazon.de/NIKE-Herren-Kurzarm-Trikot-Park/product-reviews/B01HI0R8VS/ref=cm_cr_dp_d_show_all_btm?ie=UTF8&reviewerType=all_reviews","TBL","Passt perfekt","15. Oktober 2017","Ich trage privat Größe L, sodass ich auch dieses Funktionsshirt in L bestellt habe. Ich bin tatsächlich begeistert wie gut es sitzt. Die Länge ist perfekt. Es liegt am Körper an, jedoch nicht so Arjen Robben mäßig. Man hat viel Bewegungsfreiheit, ohne dass das Shirt schlabbert.
Die Qualität ist wie von Nike gewohnt sehr gut und die Verarbeitung sauber. Hier und da steht minimal eine Naht raus, die man aber auch schnell mit der Nagelschere weggeschnitten hat. Hier macht man nichts falsch!

Ich hoffe, dass ich Ihre Kaufentscheidung etwas erleichtern konnte.","5,0 von 5 Sternen","",""
"1582056454-2719","https://www.amazon.de/NIKE-Herren-Kurzarm-Trikot-Park/product-reviews/B01HI0R8VS/ref=cm_cr_dp_d_show_all_btm?ie=UTF8&reviewerType=all_reviews","Luca O.","Nike Trikot weiß","21. November 2017","Was soll ich sagen. Das war dann wohl die Nummer 2! :) Bereits eins bestellt und jetzt das zweite.
Wie immer sitzt und passt und Qualität 1A. Schweißflecken sieht man ebenfalls nicht durch. Super Shirt.
Empfehle ich jedem.","5,0 von 5 Sternen","Weiter→","https://www.amazon.de/NIKE-Herren-Kurzarm-Trikot-Park/product-reviews/B01HI0R8VS/ref=cm_cr_arp_d_paging_btm_6?ie=UTF8&pageNumber=6&reviewerType=all_reviews"
"1582056474-2731","https://www.amazon.de/NIKE-Herren-Kurzarm-Trikot-Park/product-reviews/B01HI0R8VS/ref=cm_cr_dp_d_show_all_btm?ie=UTF8&reviewerType=all_reviews","Albert Ramthun","Qualität zum guten Preis","16. Juni 2019","Die Qualität ist super, joggen macht damit viel Spaß und es ist auch leicht zulassen. Ich gebe zu, dass ich etwas faul bin und so vieles in den Trockner stecke, das hält das Shirt bisher sehr gut aus.
Die Größe und Passform war echt gut, nicht zu eng und nicht zu weit.","5,0 von 5 Sternen","Weiter→","https://www.amazon.de/NIKE-Herren-Kurzarm-Trikot-Park/product-reviews/B01HI0R8VS/ref=cm_cr_arp_d_paging_btm_8?ie=UTF8&pageNumber=8&reviewerType=all_reviews"
"1582056445-2685","https://www.amazon.de/NIKE-Herren-Kurzarm-Trikot-Park/product-reviews/B01HI0R8VS/ref=cm_cr_dp_d_show_all_btm?ie=UTF8&reviewerType=all_reviews","Helllboy","Perfekt fürs Training!","3. März 2019","Ich trage dieses Shirt beim Fitnesstraining. Ich selber bin 1,78m groß und wiege 76kg. Mir passt Größe M perfekt, oben rum sitzt es sehr körperbetont und nach unten ist der Schnitt etwas lockerer und länger. So rutscht das T-shirt nicht hoch wenn man Seitheben oder Klimmzüge macht. Die Qualität ist in Ordnung, auch nach etlichen Wäschen ist der Schnitt wie am Anfang. Zudem trocknet Schweiß sehr schnell und ist nicht sichtbar auf dem T-shirt.
Preis/Leistung stimmt hier auch, top!","5,0 von 5 Sternen","Weiter→","https://www.amazon.de/NIKE-Herren-Kurzarm-Trikot-Park/product-reviews/B01HI0R8VS/ref=cm_cr_arp_d_paging_btm_3?ie=UTF8&pageNumber=3&reviewerType=all_reviews"
"1582056448-2696","https://www.amazon.de/NIKE-Herren-Kurzarm-Trikot-Park/product-reviews/B01HI0R8VS/ref=cm_cr_dp_d_show_all_btm?ie=UTF8&reviewerType=all_reviews","Boehni","Mmhhh...","10. März 2019","Ich hatte mir von 3 Shirts bestellt. Ich habe schon eins und bin sehr zu frieden gewesen. Die beiden schwarzen waren wie gewohnt klasse. Jedoch muss ich sagen, dass das blaue irgendwie gar nicht passte. Es war das selbe Shirt, nur in Blau, aber gepasst hat gar nix. Es war viel enger und vom Stoff her fühlte es sich auch ein bisschen anders an. Aber gut, vielleicht ein blödes erwischt. Ich bleibe beim schwarzen.","2,0 von 5 Sternen","Weiter→","https://www.amazon.de/NIKE-Herren-Kurzarm-Trikot-Park/product-reviews/B01HI0R8VS/ref=cm_cr_arp_d_paging_btm_4?ie=UTF8&pageNumber=4&reviewerType=all_reviews"
"1582056440-2661","https://www.amazon.de/NIKE-Herren-Kurzarm-Trikot-Park/product-reviews/B01HI0R8VS/ref=cm_cr_dp_d_show_all_btm?ie=UTF8&reviewerType=all_reviews","Jan","Produktfälschungen?","13. Februar 2019","Ich hatte zwei Shirts bestellt und fand sie ganz ok, also habe ich ein halbes Jahr später zusätzliche Shirts bestellt.

Bei der Nachbestellung (Schwarz, Dunkel/Hellblau, Rot und Weiß von unterschiedlichen Händlern inklusive Amazon) haben die Shirts verschiedene Schnitte und Stile. Obwohl ich nur die Farbe gewechselt und auf Bestellen gedrückt habe.

Mal mit Authentication Sticker, mal ohne. Mal ist der Kragen so, mal so.
Die Farben sind ok, leider zerreißen die Fäden bereits beim dritten bis vierten Waschen, konsistent in allen Shirts der Nachbestellung.

Es sieht grässlich aus und der Stoff transportiert auch nicht so gut wie bei den ersten Shirts, sondern pappt nur nass. Nicht zu vergleichen mit den vormals bestellten.

Die echten waren völlig ok. Das was hier gerade verschickt wird (Q1 2019), würde ich nicht mehr bestellen.","1,0 von 5 Sternen","",""
"1582056451-2706","https://www.amazon.de/NIKE-Herren-Kurzarm-Trikot-Park/product-reviews/B01HI0R8VS/ref=cm_cr_dp_d_show_all_btm?ie=UTF8&reviewerType=all_reviews","Magd A.","Wie abgebildet gut","15. Januar 2020","Das Shirt kam wie abgebildet bei mir an und auch nach längerem Gebrauch, kann ich keine Mängel feststellen. Das Markenzeichen ist an der richtigen Stelle angebracht, auch die Naht ist gut verarbeitet und es sind keine losen Fäden dran. Das Tragegefühl ist sehr angenehm und kratzt nicht.","5,0 von 5 Sternen","Weiter→","https://www.amazon.de/NIKE-Herren-Kurzarm-Trikot-Park/product-reviews/B01HI0R8VS/ref=cm_cr_arp_d_paging_btm_5?ie=UTF8&pageNumber=5&reviewerType=all_reviews"
"1582056454-2713","https://www.amazon.de/NIKE-Herren-Kurzarm-Trikot-Park/product-reviews/B01HI0R8VS/ref=cm_cr_dp_d_show_all_btm?ie=UTF8&reviewerType=all_reviews","Rob","looks good, good fit and great quality","23. Dezember 2018","Bought this for the gym. It looks good, size is great and it does what its needs to do ;) . One downside - if it is - but the Nike logo is kinda big. Like you are screaming I'm wearing Nike! Yeah. If you like that, this is your shirt ;). I preferred little smaller logo though but well - its what it is.","5,0 von 5 Sternen","Weiter→","https://www.amazon.de/NIKE-Herren-Kurzarm-Trikot-Park/product-reviews/B01HI0R8VS/ref=cm_cr_arp_d_paging_btm_6?ie=UTF8&pageNumber=6&reviewerType=all_reviews"
"1582056451-2710","https://www.amazon.de/NIKE-Herren-Kurzarm-Trikot-Park/product-reviews/B01HI0R8VS/ref=cm_cr_dp_d_show_all_btm?ie=UTF8&reviewerType=all_reviews","Gilbert","Qualität ok, passt, riecht nicht, günstig.","4. Juni 2018","Passt mir (Größe L bei 182 cm und über 80 kg mit leichtem Bauch),  aber das gildet nicht. Sehr angenehm und wertig, auch nach Waschen, bisher das überzeugendste Laufhemd für mich in dieser Preisklasse. Zieh es auch zum Radeln an.  Kann ich mehrmals tragen, weil es irgendwie nicht so riecht. Die Farbe (blau) bleibt auch nach der Waschmaschine leuchtend (ist nicht wichtig, aber gefällt). Kauf ich wieder.","4,0 von 5 Sternen","Weiter→","https://www.amazon.de/NIKE-Herren-Kurzarm-Trikot-Park/product-reviews/B01HI0R8VS/ref=cm_cr_arp_d_paging_btm_5?ie=UTF8&pageNumber=5&reviewerType=all_reviews"
"1582056440-2668","https://www.amazon.de/NIKE-Herren-Kurzarm-Trikot-Park/product-reviews/B01HI0R8VS/ref=cm_cr_dp_d_show_all_btm?ie=UTF8&reviewerType=all_reviews","Andrea I.","Angenehmes Shirt für intensiven Sport","8. Oktober 2018","Das Shirt fällt größengerecht aus und hat einen sehr angenehmen Stoff. Manchmal schwitzt man ja in Sport- Trikots stärker, das ist dann oftmals bei intensivem Training/Sport unangenehm. Das ist jedoch hier nicht der Fall. Das Hemd ist schön dünn, leicht und luftig. Die Haut bleibt trocken, nichts staut sich. In der Farbe weiß ist es etwas durchsichtig, aber wirklich nur sehr leicht, denke das ist bei den meisten Shirts der Fall und stört nicht weiter. Der Schnitt ist figurgünstig und körpernah, jedoch nicht eng und auch nicht zu lang oder zu  kurz. Nike- Artikel sind ja manchmal zu großzügig geschnitten, aber das ist hier nicht der Fall. Insgesamt ist es sehr angenehmes Shirt beim täglichen Fitness-Training im Studio. Mein Mann ist so begeistert, dass ich es mehrmals bestellen musste.","5,0 von 5 Sternen","",""
"1582056451-2704","https://www.amazon.de/NIKE-Herren-Kurzarm-Trikot-Park/product-reviews/B01HI0R8VS/ref=cm_cr_dp_d_show_all_btm?ie=UTF8&reviewerType=all_reviews","W4LK3R","Nicht nur als Fußballtrikot geeignet","5. Oktober 2019","Auf der Suche nach einem leichten Shirt für den Sport entdeckte ich dieses Modell von Nike und bestellte es, wenn auch zunächst etwas skeptisch. Nach dem Anprobieren waren die Zweifel dann jedoch weg, das Shirt hat eine gute Länge, sitzt weder zu eng noch zu breit und ist in Größe S sehr gut für schlanke Personen geeignet.","5,0 von 5 Sternen","Weiter→","https://www.amazon.de/NIKE-Herren-Kurzarm-Trikot-Park/product-reviews/B01HI0R8VS/ref=cm_cr_arp_d_paging_btm_5?ie=UTF8&pageNumber=5&reviewerType=all_reviews"
"1582056440-2662","https://www.amazon.de/NIKE-Herren-Kurzarm-Trikot-Park/product-reviews/B01HI0R8VS/ref=cm_cr_dp_d_show_all_btm?ie=UTF8&reviewerType=all_reviews","Daniel ❤️😎✌🏽","Schönes Shirt zum 1a Preis 👍🏼","30. Oktober 2018","►PRO:
✅ Preis/Leistung stimmig
✅ gute Passform
✅ angenehmer Tragekomfort
✅ dezentes und zeitloses Design

►CONTRA:
❌ Fasern lösen sich teils leicht

►FAZIT:
Ein Shirt von Nike zum fairen Preis. Bin damit sehr zufrieden. Wie auf einem Bild von mir zu erkennen ist, haben sich ein paar Fasern des Syntetikmaterials gelöst. Ich kann jetzt im Nachhinein nicht beurteilen, ob dies durch Eigenverschulden geschah oder ob das Material hier einfach zu empfindlich ist. Mir persönlich macht es nichts aus, da ich das Shirt im Sport sowieso strapaziere. Ich würde das T-Shirt auf jedenfall nochmals kaufen.

►ANMERKUNG:
Um möglichst hilfreiche Rezensionen für alle Endverbraucher schaffen zu können, bewerte ich Produkte stets erst nach längerem Gebrauch und ausführlichen Tests. Ich selbst empfinde solche Bewertungen als aussagekräftiger und hilfreicher. Mängel sind anfänglich oftmals nicht gleich ersichtlich.

Gehaltvolle Rezensionen und Produkttests erarbeite ich mit großer Leidenschaft und gebe dabei stets meine ehrliche und unverfälschte Meinung wieder. Ich freue mich einfach, wenn man fürs Geld das erhält wofür man bezahlt hat und nicht ""über den Tisch gezogen wird"".
Vielen Dank 🥰
Mit freundlichen Grüßen
Daniel","5,0 von 5 Sternen","",""
"1582056454-2714","https://www.amazon.de/NIKE-Herren-Kurzarm-Trikot-Park/product-reviews/B01HI0R8VS/ref=cm_cr_dp_d_show_all_btm?ie=UTF8&reviewerType=all_reviews","RegionalerBewerter","Dünn aber top","15. März 2019","Dieses Nike T-Shirt gehört wohl zu den relativ dünnen dieses Herstellers, fühlt sich aber auf der Haut super an. Die knallige Farbe ich jetzt auch nach zwei Wäschen immer noch unverändert gelieben, was auch für die Passform gilt. Das Shirt war hier super günstig (50% unter Ladenpreis). Da konnte man einfach nichts falsch machen.","5,0 von 5 Sternen","Weiter→","https://www.amazon.de/NIKE-Herren-Kurzarm-Trikot-Park/product-reviews/B01HI0R8VS/ref=cm_cr_arp_d_paging_btm_6?ie=UTF8&pageNumber=6&reviewerType=all_reviews"
"1582056451-2701","https://www.amazon.de/NIKE-Herren-Kurzarm-Trikot-Park/product-reviews/B01HI0R8VS/ref=cm_cr_dp_d_show_all_btm?ie=UTF8&reviewerType=all_reviews","Müller","Für jeden Sportler zu Empfehlen","28. Januar 2019","Das Hemd hat eine super Qualität. Es lässt sich sehr angenehm tragen und trocknet, bei intensiver Bewegung und damit einhergehendem Schwitzen, in kürzester Zeit, sodass man im Fitnessstudio gut an geraten mit Rückenlehne ohne unangenehmes Gefühles eines nassen Lappens im Rücken trainieren kann.","5,0 von 5 Sternen","Weiter→","https://www.amazon.de/NIKE-Herren-Kurzarm-Trikot-Park/product-reviews/B01HI0R8VS/ref=cm_cr_arp_d_paging_btm_5?ie=UTF8&pageNumber=5&reviewerType=all_reviews"
"1582056451-2702","https://www.amazon.de/NIKE-Herren-Kurzarm-Trikot-Park/product-reviews/B01HI0R8VS/ref=cm_cr_dp_d_show_all_btm?ie=UTF8&reviewerType=all_reviews","leonardo_8090","Passt Peferkt","25. Februar 2018","Preis/Leistung ist hier Top.
Sitzt sehr gut (True to Size). Ganz schlicht. Ideal für den Schulsport oder für das Fitnessstudio.
Qualität ist gut.

5 Sterne von mir!","5,0 von 5 Sternen","Weiter→","https://www.amazon.de/NIKE-Herren-Kurzarm-Trikot-Park/product-reviews/B01HI0R8VS/ref=cm_cr_arp_d_paging_btm_5?ie=UTF8&pageNumber=5&reviewerType=all_reviews"
"1582056457-2729","https://www.amazon.de/NIKE-Herren-Kurzarm-Trikot-Park/product-reviews/B01HI0R8VS/ref=cm_cr_dp_d_show_all_btm?ie=UTF8&reviewerType=all_reviews","Architekt","Unprofessionelle Ware","2. Dezember 2018","Idiotischer Schnitt: Lang und gerade. Selbst ein Mann hat eine Taille und einen Hintern, das Shirt sitzt auf und wirft komische Falten. Gute Shirts folgen ein wenig der Figur, dieses nicht. Ein Rückschritt.","1,0 von 5 Sternen","Weiter→","https://www.amazon.de/NIKE-Herren-Kurzarm-Trikot-Park/product-reviews/B01HI0R8VS/ref=cm_cr_arp_d_paging_btm_7?ie=UTF8&pageNumber=7&reviewerType=all_reviews"
"1582056445-2689","https://www.amazon.de/NIKE-Herren-Kurzarm-Trikot-Park/product-reviews/B01HI0R8VS/ref=cm_cr_dp_d_show_all_btm?ie=UTF8&reviewerType=all_reviews","Michael","Für den Preis top","30. September 2019","Habe es in L bestellt. Bin 178 und wiege 80 KG. Könnte ein bisschen größer sein an der Brust etc. aber bin momentan etwas wohl genährt könnte man sagen. Sonst passt das Shirt super von der Länge. Habe es zweimal gewaschen und schaut immer noch top aus. Das Shirt kann man im Prinzip zu jeder Sportart anziehen, da es eng anliegt. Würde aber immer eine Nummer größer bestellen.","4,0 von 5 Sternen","Weiter→","https://www.amazon.de/NIKE-Herren-Kurzarm-Trikot-Park/product-reviews/B01HI0R8VS/ref=cm_cr_arp_d_paging_btm_3?ie=UTF8&pageNumber=3&reviewerType=all_reviews"
"1582056440-2666","https://www.amazon.de/NIKE-Herren-Kurzarm-Trikot-Park/product-reviews/B01HI0R8VS/ref=cm_cr_dp_d_show_all_btm?ie=UTF8&reviewerType=all_reviews","Frank Huster","Googlet erst nach dem Farbton ...","8. Februar 2018","Die Farbe in der Abbildung entsprach nicht dem Original. Das war eher Baby blau. Daher 1 Punkt Abzug. Der Schnitt ist ziemlich geradlinig und eher ungeeignet für eine athletische Optik. Aber das ist ja Geschmackssache. Ich habs lieber etwas taillierter. Sonst qualitativ gewohnte Nike Qualität.","4,0 von 5 Sternen","",""
"1582056457-2722","https://www.amazon.de/NIKE-Herren-Kurzarm-Trikot-Park/product-reviews/B01HI0R8VS/ref=cm_cr_dp_d_show_all_btm?ie=UTF8&reviewerType=all_reviews","Consumer","Solides Sportshirt","28. Mai 2018","Ich habe bereits ein T-Shirt im M in Gebrauch. Da spannt etwas um den Oberkörper, gerade beim Kraft-Training.
Ansonsten sitz es recht straff.
Dieses hier in Größe L ist deutlich größer und vor allem länger. Am Oberkörper sitzt es luftiger als die M, aber am Bauch und in der Länge hat es eindeutig zu viel Stoff. Wir sind doch Sportler, oder...
Bin 1,85m und wiege 80,0kg.
Der Schweiß wird recht gut abgeleitet.","4,0 von 5 Sternen","Weiter→","https://www.amazon.de/NIKE-Herren-Kurzarm-Trikot-Park/product-reviews/B01HI0R8VS/ref=cm_cr_arp_d_paging_btm_7?ie=UTF8&pageNumber=7&reviewerType=all_reviews"
"1582056445-2688","https://www.amazon.de/NIKE-Herren-Kurzarm-Trikot-Park/product-reviews/B01HI0R8VS/ref=cm_cr_dp_d_show_all_btm?ie=UTF8&reviewerType=all_reviews","Rio","Fabelhaft!","24. Januar 2019","Das Shirt erfüllt genau das, was man erwartet! Das Shirt müffelt nicht unangenehm, sitzt gut am Körper und trocknet richtig schnell! Beim Waschen hat es seine Größe behalten... jaaa, auch nach zweimal waschen bislang ;P Obwohl ich ja ein Fan einer Konkurrenzfirma bin, bin ich diesem Fall sehr glücklich, das Trainingsshirt von Nike bestellt zu haben, und werde mir noch ein weiteres besorgen, vielleicht in einer auffälligeren Farbe als Schwarz!","5,0 von 5 Sternen","Weiter→","https://www.amazon.de/NIKE-Herren-Kurzarm-Trikot-Park/product-reviews/B01HI0R8VS/ref=cm_cr_arp_d_paging_btm_3?ie=UTF8&pageNumber=3&reviewerType=all_reviews"
"1582056451-2707","https://www.amazon.de/NIKE-Herren-Kurzarm-Trikot-Park/product-reviews/B01HI0R8VS/ref=cm_cr_dp_d_show_all_btm?ie=UTF8&reviewerType=all_reviews","Klaus-Dieter Busch","Benutzter Rückläufer- sofort wieder verkauft?!","5. Oktober 2018","Diese Trikots sind eigentlich Klasse, ich habe mehrere davon. Dieses Trikot aber war offensichtlich schon einmal benutzt worden. Es roch ordentlich nach altem Schweiß. Hier wurde vermutlich eine Retoure an einen neuen Käufer verschickt, ohne die Ware zu prüfen. - das gehr garnicht.","1,0 von 5 Sternen","Weiter→","https://www.amazon.de/NIKE-Herren-Kurzarm-Trikot-Park/product-reviews/B01HI0R8VS/ref=cm_cr_arp_d_paging_btm_5?ie=UTF8&pageNumber=5&reviewerType=all_reviews"
"1582056474-2736","https://www.amazon.de/NIKE-Herren-Kurzarm-Trikot-Park/product-reviews/B01HI0R8VS/ref=cm_cr_dp_d_show_all_btm?ie=UTF8&reviewerType=all_reviews","Timon Seidel","sehr gutes Sportshirt","11. November 2019","habe es schon etwas länger und nutze es heute immernoch.
Wenn ihr am überlegen ob kleinere oder größere Größe empfehle ich euch die größere.
Ansonsten gibt es wenig zu sagen, ihr bekmmt für euren Preis ein sehr gutes Stück stoff.
Einen Faden hatte ich bisher, aber irgendwo muss er ja enden. :D
also von  mir 100% überzeugt und KAUFEMPFEHLUNG","5,0 von 5 Sternen","Weiter→","https://www.amazon.de/NIKE-Herren-Kurzarm-Trikot-Park/product-reviews/B01HI0R8VS/ref=cm_cr_arp_d_paging_btm_8?ie=UTF8&pageNumber=8&reviewerType=all_reviews"
"1582056448-2697","https://www.amazon.de/NIKE-Herren-Kurzarm-Trikot-Park/product-reviews/B01HI0R8VS/ref=cm_cr_dp_d_show_all_btm?ie=UTF8&reviewerType=all_reviews","Klaus Richter","Schickes Sporttrikot","28. Juni 2019","Prompt geliefert wie in XL und blau bestellt. Schon einmal nachbestellt. Leichtes, schmal und lang geschnittenes T-Shirt in 100 % Polyester mit gesticktem Nike-Logo, das beinahe täglich in der Freizeit (besonders an heißen Tagen) zum Einsatz kommt. Fix gewaschen und getrocknet, somit schnell wieder einsatzbereit! - Gefällt und wird weiterempfohlen!","5,0 von 5 Sternen","Weiter→","https://www.amazon.de/NIKE-Herren-Kurzarm-Trikot-Park/product-reviews/B01HI0R8VS/ref=cm_cr_arp_d_paging_btm_4?ie=UTF8&pageNumber=4&reviewerType=all_reviews"
"1582056440-2665","https://www.amazon.de/NIKE-Herren-Kurzarm-Trikot-Park/product-reviews/B01HI0R8VS/ref=cm_cr_dp_d_show_all_btm?ie=UTF8&reviewerType=all_reviews","Christian Weixelbraun","stinkende gebrauchte Ware bekommen","25. Januar 2019","Das Shirt ist grundsätzlich vom Schnitt, der Farbe und dem Stoff wie erwartet.
gekauft wurde das Shirt als NEU- geliefert als BENUTZT

Als ich die Verpackung öffnete kam mir ein derart schrecklicher Schweissgeruch entgegen, dass  man sich am beste übergeben hätte!!! Das Shirt wurde mind 1x beim Training oder der gleichen getragen! es waren auch keine Etiketten an der Ware angebracht. die Verpackung musste ich sofort entsorgen, da sich der stechende Geruch sofort in der ganzen Wohnung verbreitete...","1,0 von 5 Sternen","",""
"1582056448-2700","https://www.amazon.de/NIKE-Herren-Kurzarm-Trikot-Park/product-reviews/B01HI0R8VS/ref=cm_cr_dp_d_show_all_btm?ie=UTF8&reviewerType=all_reviews","Kamillo","Sehr gute Passgenauigkeit und Qualität","10. September 2018","Benutze die Shirts fürs Fitnesstraining.
Trage normal L und hier passt L auch super (etwas leger).
Wer es gerne enger mag, sollte eine Nummer kleiner nehmen (Arjen Robben Style).
Ansonsten wasche ich die Shirts nach jedem Sport per Hand mit Seife und Wasser aus.
Trocknen sehr schnell.
Kein chemischer Geruch und super Qualität. Habe mir direkt 2 weitere Farben bestellt.
Anstandslos zu empfehlen.","5,0 von 5 Sternen","Weiter→","https://www.amazon.de/NIKE-Herren-Kurzarm-Trikot-Park/product-reviews/B01HI0R8VS/ref=cm_cr_arp_d_paging_btm_4?ie=UTF8&pageNumber=4&reviewerType=all_reviews"
"1582056451-2709","https://www.amazon.de/NIKE-Herren-Kurzarm-Trikot-Park/product-reviews/B01HI0R8VS/ref=cm_cr_dp_d_show_all_btm?ie=UTF8&reviewerType=all_reviews","Gregor","Super","6. Dezember 2019","Bin begeistert, für diesen Preis  bin ich mehr als Befriedigt. Und ganz ehrlich, besser sowas als den Schrott von h&m usw. Es pass, kratzt nicht, und fühlt sich angenehm.  Wie es nach paar Wochen aussieht, ist mir egal. Hab mir die Shirts für den. Preis einer Schachtel Zigaretten gekauft, Top","5,0 von 5 Sternen","Weiter→","https://www.amazon.de/NIKE-Herren-Kurzarm-Trikot-Park/product-reviews/B01HI0R8VS/ref=cm_cr_arp_d_paging_btm_5?ie=UTF8&pageNumber=5&reviewerType=all_reviews"
"1582056442-2679","https://www.amazon.de/NIKE-Herren-Kurzarm-Trikot-Park/product-reviews/B01HI0R8VS/ref=cm_cr_dp_d_show_all_btm?ie=UTF8&reviewerType=all_reviews","Oliver","Tolles Einwegshirt :-(","11. Juli 2019","Sitzt perfekt und der Stoff ist extrem angenehm auf der Haut. Wer sich es leisten kann liegt hier genau richtig. Das erste Shirt war nach dem ersten Tragen leider kaputt da es eine Laufmasche gezogen hat ohne sonderliche Beanspruchung. Ersatzlieferung ist jetzt auch schon nach dem ersten Tragen kaputt. Es kommen an mehreren Stellen Fasern raus. Sehr schade- Für Nike eine wirklich unterirdische Qualität. Ich rate vom Kauf dieses Shirts ab da man es nur ein mal tragen kann","1,0 von 5 Sternen","Weiter→","https://www.amazon.de/NIKE-Herren-Kurzarm-Trikot-Park/product-reviews/B01HI0R8VS/ref=cm_cr_arp_d_paging_btm_2?ie=UTF8&pageNumber=2&reviewerType=all_reviews"
"1582056474-2737","https://www.amazon.de/NIKE-Herren-Kurzarm-Trikot-Park/product-reviews/B01HI0R8VS/ref=cm_cr_dp_d_show_all_btm?ie=UTF8&reviewerType=all_reviews","Lindner","Wirkt nicht wertig","11. Januar 2020","Der Nike Schriftzug an der Brust wirkt nicht wenig. Ist irgendwie dick und unflexibel.
Das Shirt ist meiner Meinung nach vom Stoff zu dick.
Würde ich nicht noch einmal kaufen, auch wenn ich fast nur Nike Sport Shirts trage.","1,0 von 5 Sternen","Weiter→","https://www.amazon.de/NIKE-Herren-Kurzarm-Trikot-Park/product-reviews/B01HI0R8VS/ref=cm_cr_arp_d_paging_btm_8?ie=UTF8&pageNumber=8&reviewerType=all_reviews"
"1582056474-2735","https://www.amazon.de/NIKE-Herren-Kurzarm-Trikot-Park/product-reviews/B01HI0R8VS/ref=cm_cr_dp_d_show_all_btm?ie=UTF8&reviewerType=all_reviews","Attila Kun","Kopie","29. Dezember 2019","Ich habe eine grüne bestellten.,schwarze angekommen.
Nike  Haken steht anders Rum als Original.
Es war als eine tranings t shirt bestellt dafür es passt ,aber es ist eine schlechte Kopie von Original........","1,0 von 5 Sternen","Weiter→","https://www.amazon.de/NIKE-Herren-Kurzarm-Trikot-Park/product-reviews/B01HI0R8VS/ref=cm_cr_arp_d_paging_btm_8?ie=UTF8&pageNumber=8&reviewerType=all_reviews"
"1582056442-2671","https://www.amazon.de/NIKE-Herren-Kurzarm-Trikot-Park/product-reviews/B01HI0R8VS/ref=cm_cr_dp_d_show_all_btm?ie=UTF8&reviewerType=all_reviews","Alex","Super Qualität, nutzbar für viele Sportarten!","9. Mai 2019","Sehr gutes Sport-Shirt was für unterschiedlichste Anwendungen getragen werden kann. Das Material trocknet, wie versprochen, sehr schnell. Der Schnitt ist sportlich, es liegt gut eng an, hat aber ein klein wenig Überlänge so dass der untere Rücken nicht freiliegen kann. Der Kragen hat einen interessanten, V-förmig-ähnlichen Ausschnitt wobei ich mir das ein klein wenig weiter vorstellen könnte. Ich konnte das weisse Shirt problemlos mit andersfarbigen Kleidungsstücken bei 40 Grad waschen ohne dass was verfärbt. Ist halt keine Baumwolle. Ich habe mittlerweile das zweite gekauft und bin immer noch zufrieden. Das NIKE-Logo ist gestickt, somit ist sichergestellt dass es kein ""abwaschen"" oder ähnliches gibt. Super! Ich bin 1,86 und habe Oberkörper-trainierte 91kg.","5,0 von 5 Sternen","Weiter→","https://www.amazon.de/NIKE-Herren-Kurzarm-Trikot-Park/product-reviews/B01HI0R8VS/ref=cm_cr_arp_d_paging_btm_2?ie=UTF8&pageNumber=2&reviewerType=all_reviews"
"1582056474-2733","https://www.amazon.de/NIKE-Herren-Kurzarm-Trikot-Park/product-reviews/B01HI0R8VS/ref=cm_cr_dp_d_show_all_btm?ie=UTF8&reviewerType=all_reviews","Farus","Sehr cooles Shirt","30. Dezember 2019","Hier wird für wenig Geld ein Markenshirt angeboten, das den Namen auch verdient. Zum Einsatz kommt es beim Hallensport und es hält den Schweiß sehr gut vom Körper weg. Auch die Passform ist ideal.

Gerne wieder","5,0 von 5 Sternen","Weiter→","https://www.amazon.de/NIKE-Herren-Kurzarm-Trikot-Park/product-reviews/B01HI0R8VS/ref=cm_cr_arp_d_paging_btm_8?ie=UTF8&pageNumber=8&reviewerType=all_reviews"
"1582056442-2674","https://www.amazon.de/NIKE-Herren-Kurzarm-Trikot-Park/product-reviews/B01HI0R8VS/ref=cm_cr_dp_d_show_all_btm?ie=UTF8&reviewerType=all_reviews","Nautycaa","TOP","22. Februar 2018","Sitzt gut, kratzt nicht am Körper, hält warm und transportiert den Schweiß, wie beschrieben nach außen. Nutze das Hemd im manchmal doch etwas kühlen FitnessStudio und bin begeistert. Toller Preis noch dazu! Größe mit L war auch perfekt passend. Nachteil bei Ärmelhemden bleibt jedoch bestehen. Bei Übungen wie der Schulterpresse ziehen die Ärmel das ganze Hemd mit nach oben und der Bauch liegt teils frei. Aber das ist keinen Abzug der Sterne wert.","5,0 von 5 Sternen","Weiter→","https://www.amazon.de/NIKE-Herren-Kurzarm-Trikot-Park/product-reviews/B01HI0R8VS/ref=cm_cr_arp_d_paging_btm_2?ie=UTF8&pageNumber=2&reviewerType=all_reviews"
"1582056454-2720","https://www.amazon.de/NIKE-Herren-Kurzarm-Trikot-Park/product-reviews/B01HI0R8VS/ref=cm_cr_dp_d_show_all_btm?ie=UTF8&reviewerType=all_reviews","Gerald","Super Shirt zu einem super Preis","23. November 2017","Normalerweise vermeide ich die teuren Nike Produkte. Dieser Shirt war bei amazon aber echt ein Schnäppchen. 17 Euro für ein Nike Shirt sind echt super. Die Größe war entsprechend. Die Farbe des Stoffes ist sehr schön und das Material sehr angenehm.","5,0 von 5 Sternen","Weiter→","https://www.amazon.de/NIKE-Herren-Kurzarm-Trikot-Park/product-reviews/B01HI0R8VS/ref=cm_cr_arp_d_paging_btm_6?ie=UTF8&pageNumber=6&reviewerType=all_reviews"
"1582056445-2690","https://www.amazon.de/NIKE-Herren-Kurzarm-Trikot-Park/product-reviews/B01HI0R8VS/ref=cm_cr_dp_d_show_all_btm?ie=UTF8&reviewerType=all_reviews","AmazonKunde","Top Qualität","26. November 2019","Natürlich schwitzt man auch mit so einem Shirt, jedoch kann der Schweiß hier sehr gut verdunsten was das komplette Training viel angenehmer macht (verwende die Shirts für Kraft und Lauftrainings).
Das Material kratzt nicht, ist leicht und angenehm zu tragen.

Ich trage Größe M bei einer Körpergröße von 184cm und einem Gewicht von 75kg.","5,0 von 5 Sternen","Weiter→","https://www.amazon.de/NIKE-Herren-Kurzarm-Trikot-Park/product-reviews/B01HI0R8VS/ref=cm_cr_arp_d_paging_btm_3?ie=UTF8&pageNumber=3&reviewerType=all_reviews"
"1582056451-2703","https://www.amazon.de/NIKE-Herren-Kurzarm-Trikot-Park/product-reviews/B01HI0R8VS/ref=cm_cr_dp_d_show_all_btm?ie=UTF8&reviewerType=all_reviews","Frodo zog aus","Nike eben","4. April 2018","Hier kann man gar nichts falsch machen. Passform top , trocknet sehr schnell
Trägt sich sehr bequem.Für Fittness bestens geeignet und auch einfach so als
T Shirt. Die Farbe ist etwas dunkler als hier angegeben , sieht meiner Meinung
nach noch besser aus.","5,0 von 5 Sternen","Weiter→","https://www.amazon.de/NIKE-Herren-Kurzarm-Trikot-Park/product-reviews/B01HI0R8VS/ref=cm_cr_arp_d_paging_btm_5?ie=UTF8&pageNumber=5&reviewerType=all_reviews"
"1582056457-2726","https://www.amazon.de/NIKE-Herren-Kurzarm-Trikot-Park/product-reviews/B01HI0R8VS/ref=cm_cr_dp_d_show_all_btm?ie=UTF8&reviewerType=all_reviews","Tim","Entspricht nicht der Beschreibung !","11. September 2018","Ich habe ein dunkelrotes Sportshirt bestellen wollen und nachdem ich bezahlt hatte wurde mir angezeigt, ich hätte ein hellrotes gekauft. Zwei Tage später kam auch ein knallrotes T-Shirt hier an...Frechheit, dass sich das nach der Bestellung geändert hat, ob dass ein Systemfehler ist oder nicht, ganz egal...nicht zu empfehlen...","1,0 von 5 Sternen","Weiter→","https://www.amazon.de/NIKE-Herren-Kurzarm-Trikot-Park/product-reviews/B01HI0R8VS/ref=cm_cr_arp_d_paging_btm_7?ie=UTF8&pageNumber=7&reviewerType=all_reviews"
"1582056440-2667","https://www.amazon.de/NIKE-Herren-Kurzarm-Trikot-Park/product-reviews/B01HI0R8VS/ref=cm_cr_dp_d_show_all_btm?ie=UTF8&reviewerType=all_reviews","Dirk H.","Sehr angenehm aber Stoff nicht sehr widerstandfähig","3. Juni 2018","Das Shirt passt wie erwartet und trägt sich sehr angenehm.
Allerdings gibt es auch was negatives! Ok, bei dem Preis werden einige sagen: was erwartet man?
Aber wie auf dem Bild zu sehen ist nach einmaligem tragen schon der Stoff angerauht/gescheuert.
Dies ist bei einem 10km Nordic Walking Lauf ""passiert"" und das ist für die Marke eigentlich ungewöhlich!","2,0 von 5 Sternen","",""
"1582056442-2673","https://www.amazon.de/NIKE-Herren-Kurzarm-Trikot-Park/product-reviews/B01HI0R8VS/ref=cm_cr_dp_d_show_all_btm?ie=UTF8&reviewerType=all_reviews","""Kürsi""","Tolles Produkt!","3. April 2019","Das T-Shirt von Nike kann ich ruhigen Gewissens weiterempfehlen. Ich trage das Shirt ausschließlich nur zum Sport und muss sagen, dass es einen sehr angenehmen Tragekomfort hat. Es kratzt und zwickt auch nicht. Der Schnitt ist auch nicht zu eng, so dass man das Shirt beim Training kaum auf der Haut bemerkt. Auch nach mehrmaligem Waschen behält es seine Farbe und Form bei. Daher bekommt das Shirt von mir auch 5 Sterne.","5,0 von 5 Sternen","Weiter→","https://www.amazon.de/NIKE-Herren-Kurzarm-Trikot-Park/product-reviews/B01HI0R8VS/ref=cm_cr_arp_d_paging_btm_2?ie=UTF8&pageNumber=2&reviewerType=all_reviews"
"1582056442-2680","https://www.amazon.de/NIKE-Herren-Kurzarm-Trikot-Park/product-reviews/B01HI0R8VS/ref=cm_cr_dp_d_show_all_btm?ie=UTF8&reviewerType=all_reviews","D.D","Super schön","28. Juni 2017","Hab es fuer meinen Bruder (1.80 m groß, muskulöse Schultern, schlank) in Gr L bestellt und es passt perfekt! Recht schmal geschnitten, dafür etwas länger, was beim Training ganz gut ist. Sehr schönes, dunkles Rot, auf dem Schweißflecken aber dennoch nicht groß u lang sichtbar sind, da es echt schnell trocknet.","5,0 von 5 Sternen","Weiter→","https://www.amazon.de/NIKE-Herren-Kurzarm-Trikot-Park/product-reviews/B01HI0R8VS/ref=cm_cr_arp_d_paging_btm_2?ie=UTF8&pageNumber=2&reviewerType=all_reviews"
"1582056474-2732","https://www.amazon.de/NIKE-Herren-Kurzarm-Trikot-Park/product-reviews/B01HI0R8VS/ref=cm_cr_dp_d_show_all_btm?ie=UTF8&reviewerType=all_reviews","Mohamad Baqi Zaidan","es sollte besser sein","26. August 2019","Das Material ist nicht so hochwertig und geht schneller kaputt als gedacht. Sie passt vom Schnitt her eig ganz gut. Es gibt besseres für denselben Preis denk ich.","3,0 von 5 Sternen","Weiter→","https://www.amazon.de/NIKE-Herren-Kurzarm-Trikot-Park/product-reviews/B01HI0R8VS/ref=cm_cr_arp_d_paging_btm_8?ie=UTF8&pageNumber=8&reviewerType=all_reviews"
"1582056474-2738","https://www.amazon.de/NIKE-Herren-Kurzarm-Trikot-Park/product-reviews/B01HI0R8VS/ref=cm_cr_dp_d_show_all_btm?ie=UTF8&reviewerType=all_reviews","breiteschulter","Bei dem Preis macht Ihr nichts falsch!","16. Oktober 2018","Ich habe mir das Kurzarm Trikot für das Fitnessstudio gekauft und bin absolut begeistert. Bei dem Preis bekommt man eine sehr gute Leistung! Das NIKE Emblem ist übrigens gestickt und somit viel länger waschfest, was bei Sportbekleidung für mich von absoluter Bedeutung ist!","5,0 von 5 Sternen","Weiter→","https://www.amazon.de/NIKE-Herren-Kurzarm-Trikot-Park/product-reviews/B01HI0R8VS/ref=cm_cr_arp_d_paging_btm_8?ie=UTF8&pageNumber=8&reviewerType=all_reviews"
"1582056445-2684","https://www.amazon.de/NIKE-Herren-Kurzarm-Trikot-Park/product-reviews/B01HI0R8VS/ref=cm_cr_dp_d_show_all_btm?ie=UTF8&reviewerType=all_reviews","GC-1","Gut 👍","2. September 2017","Gute Qualität angenehm zu tragen.
Bin 183, 75kg und die Größe L paßt super.
Habe das Shirt in ""Schwarz"" und ""Weiß"" bestellt und habe auch festgestellt, daß ""Schwarz"" einen Tick größer und am Hals etwas weiter ausgeschnitten ist.
Für mich ⭐️⭐️⭐️⭐️⭐️","5,0 von 5 Sternen","Weiter→","https://www.amazon.de/NIKE-Herren-Kurzarm-Trikot-Park/product-reviews/B01HI0R8VS/ref=cm_cr_arp_d_paging_btm_3?ie=UTF8&pageNumber=3&reviewerType=all_reviews"
"1582056448-2698","https://www.amazon.de/NIKE-Herren-Kurzarm-Trikot-Park/product-reviews/B01HI0R8VS/ref=cm_cr_dp_d_show_all_btm?ie=UTF8&reviewerType=all_reviews","Alexander","Abweichende Qualität","17. Januar 2020","An sich hat mir dieses T-Shirt gut gefallen. Schöner Stoff, gute Passform, leicht und angenehm zu tragen. Es dehnt sich und engt beim Sport nicht ein. Auch trocknett es recht schnell und riecht nach dem Training nicht unangenehm. Was noch sehr positiv ist das es etwas länger geschnitten ist, und somit wird z.B. bei Klimmzügen der Bauch nicht entblößt.
Somit beschloss ich ein Monat später noch eins davon zu kaufen. Dieser wurde aber in einem anderen Land hergestellt worden und sitz ganz anders. Ich würde sagen es fällt sogar eine Nummer kleiner aus. Es gehört bei diesem kauf auch ein bisschen Glück dazu, daher nur 3 Sterne.","3,0 von 5 Sternen","Weiter→","https://www.amazon.de/NIKE-Herren-Kurzarm-Trikot-Park/product-reviews/B01HI0R8VS/ref=cm_cr_arp_d_paging_btm_4?ie=UTF8&pageNumber=4&reviewerType=all_reviews"
"1582056448-2691","https://www.amazon.de/NIKE-Herren-Kurzarm-Trikot-Park/product-reviews/B01HI0R8VS/ref=cm_cr_dp_d_show_all_btm?ie=UTF8&reviewerType=all_reviews","Rezensinat0r","Passt!","3. August 2018","Ich bin 1,90 m und trage Größe M, welche mir perfekt passt. Es ""schlabbert"" nicht lose herum, liegt aber auch nicht hauteng an. Dadurch trägt es sich beim Sport (ich trage es zum Laufen) sehr angenehm und stört in keinster Weise. Außerdem schwitzt man (gefühlt) nicht so schnell/viel wie bei einem normalen Baumwoll T-Shirt und es trocknet auch deutlich schneller.","5,0 von 5 Sternen","Weiter→","https://www.amazon.de/NIKE-Herren-Kurzarm-Trikot-Park/product-reviews/B01HI0R8VS/ref=cm_cr_arp_d_paging_btm_4?ie=UTF8&pageNumber=4&reviewerType=all_reviews"
"1582056448-2692","https://www.amazon.de/NIKE-Herren-Kurzarm-Trikot-Park/product-reviews/B01HI0R8VS/ref=cm_cr_dp_d_show_all_btm?ie=UTF8&reviewerType=all_reviews","Robin Schaefer","Schönes Shirt, jedoch keine so schöne Langzeitqualität","29. November 2019","Das T-Shirt sieht wirklich super aus, sitzt auch klasse, jedoch muss man echt aufpassen, wenn es darum geht, Flecken rauszukriegen.
Wo ich mit billiger Gallseife aus einer Weißen Wolljacke mühelos Weinflecken entfernen kann, ist es schlichtweg unmöglich auch nur leichte Flecken oder Verfärbungen aus diesem Material zu entfernen.
Außerdem zieht es Fäden an den Nähten, wie auch auf normaler Fläche. Und da der Stoff sehr durchlässig ist, ist es auch eher als Trainingsshirt zu nutzen.","3,0 von 5 Sternen","Weiter→","https://www.amazon.de/NIKE-Herren-Kurzarm-Trikot-Park/product-reviews/B01HI0R8VS/ref=cm_cr_arp_d_paging_btm_4?ie=UTF8&pageNumber=4&reviewerType=all_reviews"
"1582056457-2723","https://www.amazon.de/NIKE-Herren-Kurzarm-Trikot-Park/product-reviews/B01HI0R8VS/ref=cm_cr_dp_d_show_all_btm?ie=UTF8&reviewerType=all_reviews","Yogi","Nike halt","15. April 2018","Während bei adidas die Größen perfekt angeordnet sind (in der Regel bei mir immer ne halbe Nummer Größer ausfallen)
Sind bei Nike die Größen schon mal etwas mit vorsicht zu geniessen.
Sporthosen in fallen schon mal zu groß aus, das Shirt jedoch passt pefekt.","5,0 von 5 Sternen","Weiter→","https://www.amazon.de/NIKE-Herren-Kurzarm-Trikot-Park/product-reviews/B01HI0R8VS/ref=cm_cr_arp_d_paging_btm_7?ie=UTF8&pageNumber=7&reviewerType=all_reviews"
"1582056448-2699","https://www.amazon.de/NIKE-Herren-Kurzarm-Trikot-Park/product-reviews/B01HI0R8VS/ref=cm_cr_dp_d_show_all_btm?ie=UTF8&reviewerType=all_reviews","Prime Minister","Sitzt wie ein Traum!","17. Oktober 2019","Habe das Shirt in Größe L bestellt (95Kg 185cm) und es sitzt wirklich hervorragend. Lang genug, um es bei Bedarf in die Hose zu stecken, jedoch nicht zu lang, wenn man dies nicht möchte. Schön Figurbetont an Armen (44cm) und Brust (112cm), genau wie man es im Gym gerne hat ;-).
Material ist angenehm auf der Haut und Transportiert die Feuchtigkeit bei Sport nach außen.
Klare Kaufempfehlung.","5,0 von 5 Sternen","Weiter→","https://www.amazon.de/NIKE-Herren-Kurzarm-Trikot-Park/product-reviews/B01HI0R8VS/ref=cm_cr_arp_d_paging_btm_4?ie=UTF8&pageNumber=4&reviewerType=all_reviews"
"1582056445-2682","https://www.amazon.de/NIKE-Herren-Kurzarm-Trikot-Park/product-reviews/B01HI0R8VS/ref=cm_cr_dp_d_show_all_btm?ie=UTF8&reviewerType=all_reviews","Thomas K.","Enttäuschende Passform, kein Produkt für Menschen mit breiten Schultern","5. Januar 2020","Bei 1.75, 73kg sollte Größe L eigentlich perfekt passen.

Leider ist das Shirt auf Slim Fit und schmalgebaute Menschen ausgelegt.
An den Armen und Schultern kann man sich kaum bewegen.
Die Länge passt allerdings zur L Größe.

Lieber eine Nummer Größer bestellen.

Bemerkenswert ist leider auch der Geruch.
Wer hier vom Namen her auch direkt Qualität erwartet, wird teilweise enttäuscht werden.","2,0 von 5 Sternen","Weiter→","https://www.amazon.de/NIKE-Herren-Kurzarm-Trikot-Park/product-reviews/B01HI0R8VS/ref=cm_cr_arp_d_paging_btm_3?ie=UTF8&pageNumber=3&reviewerType=all_reviews"
"1582056445-2687","https://www.amazon.de/NIKE-Herren-Kurzarm-Trikot-Park/product-reviews/B01HI0R8VS/ref=cm_cr_dp_d_show_all_btm?ie=UTF8&reviewerType=all_reviews","Dirko","Stinkt, Finger weg. Fälschung?","1. Juni 2019","Naja. Erinnert mich an die Sport-Shirts aus den 90ern. Eine Stunde tragen und es stinkt.
Auch gewaschen riecht es wie die Shirts früher.
Kaufe ich nicht wieder. Vielleicht ist es ein Plagiat? Keine Ahnung. Finger weg.
Auch für 13€ viel zu teuer.","1,0 von 5 Sternen","Weiter→","https://www.amazon.de/NIKE-Herren-Kurzarm-Trikot-Park/product-reviews/B01HI0R8VS/ref=cm_cr_arp_d_paging_btm_3?ie=UTF8&pageNumber=3&reviewerType=all_reviews"
"1582056454-2711","https://www.amazon.de/NIKE-Herren-Kurzarm-Trikot-Park/product-reviews/B01HI0R8VS/ref=cm_cr_dp_d_show_all_btm?ie=UTF8&reviewerType=all_reviews","Cagkan Cörek","So eine Verarsche","28. Mai 2018","Das ist doch gefälschte Ware
Dri Fit steht auch nirgends am Trikot
Geliefert in Billige Plastiktüte
Ich schicke es zurück","1,0 von 5 Sternen","Weiter→","https://www.amazon.de/NIKE-Herren-Kurzarm-Trikot-Park/product-reviews/B01HI0R8VS/ref=cm_cr_arp_d_paging_btm_6?ie=UTF8&pageNumber=6&reviewerType=all_reviews"
"1582056442-2678","https://www.amazon.de/NIKE-Herren-Kurzarm-Trikot-Park/product-reviews/B01HI0R8VS/ref=cm_cr_dp_d_show_all_btm?ie=UTF8&reviewerType=all_reviews","Alexander Erdmenger","Preis-Leistung Top","28. September 2018","Hier muss man nicht viel schreiben. für 10 € ein Trikot.
Für mich als Gelegenheitssportler (Skaten, Fußball, Rad) ist das Trikot vollkommen ausreichend und und zufriedenstellend. Klar merkt man den Unterschied zwischen diesem und einem deutlich teurerem Trikot, aber wie Geschrieben, für gelegentliche Einsatzzwecke meiner Meinung nach vollkommend ausreichend.
Es gab auch keinen ""Chemiegeruch"" beim auspacken oder tragen. 5 Sterne","5,0 von 5 Sternen","Weiter→","https://www.amazon.de/NIKE-Herren-Kurzarm-Trikot-Park/product-reviews/B01HI0R8VS/ref=cm_cr_arp_d_paging_btm_2?ie=UTF8&pageNumber=2&reviewerType=all_reviews"
"1582056440-2670","https://www.amazon.de/NIKE-Herren-Kurzarm-Trikot-Park/product-reviews/B01HI0R8VS/ref=cm_cr_dp_d_show_all_btm?ie=UTF8&reviewerType=all_reviews","berliner1967","Gefällt mir sehr","28. Juli 2019","Ich habe dieses Trikot für mich und zwei weitere Freunde gekauft, damit wir beim Fußballtraining die gleichen Trikots an haben. Optisch sind sie sehr schön und auch die Qualität ist gut. Die Passform ist für mich super passend. Alles sitzt wie und wo es soll. Der Stoff ist weich und angenehm zu tragen. Zur Zeit habe ich insgesamt sieben dieser Trikots bestellt, da die anderen Fußballer im Team auch zum Training die gleichen Trikots haben wollen. Volle Punktzahl, weil es mich total zufriedenstellt.","5,0 von 5 Sternen","",""
"1582056445-2681","https://www.amazon.de/NIKE-Herren-Kurzarm-Trikot-Park/product-reviews/B01HI0R8VS/ref=cm_cr_dp_d_show_all_btm?ie=UTF8&reviewerType=all_reviews","Collis","Tolles Shirt für Training","12. April 2019","Ich hab nach einem T-Shirt für das Fitnessstudio gesucht und bin mit diesem fündig geworden. Es hat einen extrem angenehmen Tragekomfort und fühlt sich auch nicht irgendwie ""künstlich"" auf der Haut an (wie es bei günstigen Sport-Shirts ab und an der Fall ist). Preis-/Leistung auf jeden Fall top! Achtung bei der Farbwahl, einige Farben scheinen im Shop wesentlich heller, als sie dann in echt sind - z.B. ist das dunkelblaue (auf dem Foto eher kräftiges dunkles blau) als fast schwarzes bei mir angekommen","5,0 von 5 Sternen","Weiter→","https://www.amazon.de/NIKE-Herren-Kurzarm-Trikot-Park/product-reviews/B01HI0R8VS/ref=cm_cr_arp_d_paging_btm_3?ie=UTF8&pageNumber=3&reviewerType=all_reviews"
"1582056457-2727","https://www.amazon.de/NIKE-Herren-Kurzarm-Trikot-Park/product-reviews/B01HI0R8VS/ref=cm_cr_dp_d_show_all_btm?ie=UTF8&reviewerType=all_reviews","Marvin","Super Sportshirt","4. März 2018","klasse Sportshirt zum Schwitzen, sieht gut aus, die Farbe ist genauso wie abgebildet und der Artikel war super schnell da, klasse Preis/Leistung und vorallem: es passt, keine Nähte oder Schilder die stören, vielleicht hole ich mir die noch in anderen Farben zum Wechseln, aktuell habe ich 2","5,0 von 5 Sternen","Weiter→","https://www.amazon.de/NIKE-Herren-Kurzarm-Trikot-Park/product-reviews/B01HI0R8VS/ref=cm_cr_arp_d_paging_btm_7?ie=UTF8&pageNumber=7&reviewerType=all_reviews"
"1582056457-2721","https://www.amazon.de/NIKE-Herren-Kurzarm-Trikot-Park/product-reviews/B01HI0R8VS/ref=cm_cr_dp_d_show_all_btm?ie=UTF8&reviewerType=all_reviews","Peter P.","Schönes Nike T- Shirt","22. Dezember 2019","Sehr angenehm zu tragendes und qualitativ sehr gutes und schönes T- Shirt.

Die Passform ist sehr gut. Der Stoff fühlt sich hochwertig aus. Für Sport und Freizeit bestens geeignet.

Würde ich mir wieder kaufen, auch gerne in anderen Farben.","5,0 von 5 Sternen","Weiter→","https://www.amazon.de/NIKE-Herren-Kurzarm-Trikot-Park/product-reviews/B01HI0R8VS/ref=cm_cr_arp_d_paging_btm_7?ie=UTF8&pageNumber=7&reviewerType=all_reviews"
"1582056448-2694","https://www.amazon.de/NIKE-Herren-Kurzarm-Trikot-Park/product-reviews/B01HI0R8VS/ref=cm_cr_dp_d_show_all_btm?ie=UTF8&reviewerType=all_reviews","Michael Vogt","Passform gut - Qualität mangelhaft","15. Juni 2019","Drei Male zum Sport getragen und dazu drei Male gewaschen, leider jetzt schon Materialermüdung.
Tut mir leid, aber das geht so nicht.
Passform alles gut, grade bei dem Preis.
Leider trotzdem nicht glücklich damit, wenn es schon so früh kaputt geht.","1,0 von 5 Sternen","Weiter→","https://www.amazon.de/NIKE-Herren-Kurzarm-Trikot-Park/product-reviews/B01HI0R8VS/ref=cm_cr_arp_d_paging_btm_4?ie=UTF8&pageNumber=4&reviewerType=all_reviews"
"1582056474-2734","https://www.amazon.de/NIKE-Herren-Kurzarm-Trikot-Park/product-reviews/B01HI0R8VS/ref=cm_cr_dp_d_show_all_btm?ie=UTF8&reviewerType=all_reviews","DES","Top","1. August 2019","Ein schlichtes, funktionales und super sitzendes Sport-Trikot, das leicht, atmungsaktiv und perfekt für sportliche Aktivitäten geeignet ist. Es fällt größengerecht aus und sitzt wunderbar. Klare Kaufempfehlung, vor allem für den tollen Preis!","5,0 von 5 Sternen","Weiter→","https://www.amazon.de/NIKE-Herren-Kurzarm-Trikot-Park/product-reviews/B01HI0R8VS/ref=cm_cr_arp_d_paging_btm_8?ie=UTF8&pageNumber=8&reviewerType=all_reviews"
"1582056448-2695","https://www.amazon.de/NIKE-Herren-Kurzarm-Trikot-Park/product-reviews/B01HI0R8VS/ref=cm_cr_dp_d_show_all_btm?ie=UTF8&reviewerType=all_reviews","MarvinHenryk","Super Sport Shirt","30. Juli 2018","Tolles Trikot für den Sport, sehr angenehmer Stoff, darin ist Schwitzen auch angenehmer als in einem normalen Baumwoll T-Shirt, freue mich echt dieses Ding gekauft zu haben, auch sehr pflegeleicht in der Waschmaschine und keine Abnutzungsspuren nach häufigen Gebrauch und waschen! Es hält, verfärbt oder verblasst nicht, einfach nur Empfehlung!","5,0 von 5 Sternen","Weiter→","https://www.amazon.de/NIKE-Herren-Kurzarm-Trikot-Park/product-reviews/B01HI0R8VS/ref=cm_cr_arp_d_paging_btm_4?ie=UTF8&pageNumber=4&reviewerType=all_reviews"
"1582056448-2693","https://www.amazon.de/NIKE-Herren-Kurzarm-Trikot-Park/product-reviews/B01HI0R8VS/ref=cm_cr_dp_d_show_all_btm?ie=UTF8&reviewerType=all_reviews","Zopp","Passt super und sieht gut aus!","25. Dezember 2019","Habe das Short fürs Gym gekauft und muss sagen sieht schon echt gut aus! Verarbeitung und Style. Allerdings schade das der Stoff etwas riecht beim Sport. Habe das Shirt vorher frisch gewaschen. Liegt denk ich halt am Stoff, weil es keine Baumwolle ist. Dafür sieht man den Schweiß halt nicht und es ist luftdurchlässiger.","4,0 von 5 Sternen","Weiter→","https://www.amazon.de/NIKE-Herren-Kurzarm-Trikot-Park/product-reviews/B01HI0R8VS/ref=cm_cr_arp_d_paging_btm_4?ie=UTF8&pageNumber=4&reviewerType=all_reviews"
"1582056474-2739","https://www.amazon.de/NIKE-Herren-Kurzarm-Trikot-Park/product-reviews/B01HI0R8VS/ref=cm_cr_dp_d_show_all_btm?ie=UTF8&reviewerType=all_reviews","Lukas","Sehr zufrieden!","9. September 2019","Ein super T-Shirt. Passt eigentlich fast perfekt. Der Stoff und die Qualität sind auch eigentlich hervorragend. Preislich auch optimal, eigentlich sogar recht günstig. Bin mehr als überrascht und überlege ob ich mir gleich mehrere davon kaufen soll.","5,0 von 5 Sternen","Weiter→","https://www.amazon.de/NIKE-Herren-Kurzarm-Trikot-Park/product-reviews/B01HI0R8VS/ref=cm_cr_arp_d_paging_btm_8?ie=UTF8&pageNumber=8&reviewerType=all_reviews"
"1582056454-2712","https://www.amazon.de/NIKE-Herren-Kurzarm-Trikot-Park/product-reviews/B01HI0R8VS/ref=cm_cr_dp_d_show_all_btm?ie=UTF8&reviewerType=all_reviews","Steffen","Super, passt genau","11. Juli 2018","Super, passt genau. Ist auch sehr gut verarbeitet, und das zu dem Schnäppchen von 14,60. hab gleich mehrere bestellt. ;-)","5,0 von 5 Sternen","Weiter→","https://www.amazon.de/NIKE-Herren-Kurzarm-Trikot-Park/product-reviews/B01HI0R8VS/ref=cm_cr_arp_d_paging_btm_6?ie=UTF8&pageNumber=6&reviewerType=all_reviews"
"1582056474-2740","https://www.amazon.de/NIKE-Herren-Kurzarm-Trikot-Park/product-reviews/B01HI0R8VS/ref=cm_cr_dp_d_show_all_btm?ie=UTF8&reviewerType=all_reviews","schnuckiputzi","Tolle Qualität!","5. Januar 2020","Das Shirt ist extrem leicht und sehr angenehm zu tragen. Es trocknet nach der Wäsche super schnell und muss nicht gebügelt werden. Passform ist sehr gut! Für den Kaufpreis unschlagbar! Klare Kaufempfehlung!","5,0 von 5 Sternen","Weiter→","https://www.amazon.de/NIKE-Herren-Kurzarm-Trikot-Park/product-reviews/B01HI0R8VS/ref=cm_cr_arp_d_paging_btm_8?ie=UTF8&pageNumber=8&reviewerType=all_reviews"
"1582056442-2675","https://www.amazon.de/NIKE-Herren-Kurzarm-Trikot-Park/product-reviews/B01HI0R8VS/ref=cm_cr_dp_d_show_all_btm?ie=UTF8&reviewerType=all_reviews","Black","Optisch ansprechendes und günstiges Sport-Shirt","19. September 2019","Auf der Suche nach neuen, günstigen aber auch optisch ansprechenden T-Shirts für den Sport bin ich u.a. bei diesem Modell gelandet.

Pro:
- sieht gut aus
- relativ günstig

Contra:
- schneller Schweißgeruch
- unter Umständen etwas unangenehm auf der Haut

Der Stoff ist sehr leicht und auch beim Tragen sieht es wirklich gut aus und hat eine schöne Passform.
Das Material (Polyester), aus dem das Shirt gemacht ist, hat leider zur Folge, dass es sehr schnell nach Schweiß riecht und etwas unangenehm auf der Haut ist (ich trage daher meist noch ein Unterhemd darunter).","4,0 von 5 Sternen","Weiter→","https://www.amazon.de/NIKE-Herren-Kurzarm-Trikot-Park/product-reviews/B01HI0R8VS/ref=cm_cr_arp_d_paging_btm_2?ie=UTF8&pageNumber=2&reviewerType=all_reviews"
"1582056451-2705","https://www.amazon.de/NIKE-Herren-Kurzarm-Trikot-Park/product-reviews/B01HI0R8VS/ref=cm_cr_dp_d_show_all_btm?ie=UTF8&reviewerType=all_reviews","Johannes","!!!Super Qualität","19. August 2018","Ich habe mir dieses Shirt für eine Vietnamreise gekauft, was dabei raus kam war, dass ich das Shirt eine ganze Woche getragen hatte. Es ist so angenehm zu tragen, Feuchtigkeit wird sofort nach außen abtransportiert und es ist im nu wieder trocken. Ich hatte noch 10 Baumwoll Tshirts dabei die ich gar nicht tragen konnte, da sie aufgrund der Hitze sofort nass gewesen wären . Daher habe ich dieses nach einem Tag immer wieder ausgewaschen und morgens war es wieder trocken.

Absolute Kaufempfehlung","5,0 von 5 Sternen","Weiter→","https://www.amazon.de/NIKE-Herren-Kurzarm-Trikot-Park/product-reviews/B01HI0R8VS/ref=cm_cr_arp_d_paging_btm_5?ie=UTF8&pageNumber=5&reviewerType=all_reviews"
"1582056440-2669","https://www.amazon.de/NIKE-Herren-Kurzarm-Trikot-Park/product-reviews/B01HI0R8VS/ref=cm_cr_dp_d_show_all_btm?ie=UTF8&reviewerType=all_reviews","Demirdal Muammer","Unzufrieden","25. Oktober 2018","Habe inzwischen drei von diesen T Shirts bestellt. In schwarz, lila und weiß. Alle drei haben schon nach dem ersten Kickboxtraining Fäden gezogen, was einfach das gesamte T Shirt hässlich aussehen ließ. Unter einem Pullover würde ich das T Shirt auch nicht anziehen, da durch die Reibung mit dem Innenfutter der meksten Pullover unschöne Stellen entstehen können.
Zwei sofort wieder zurückgeschickt, das dritte behalte ich jetzt einfach, weil ich keine Lust mehr auf das Hin und Herfahren zum Rücksenden habe.
Die Größe hingegegen war gut. L ist L. Ich bin 1,94 groß und wiege 68 KG, L war saß nicht zu knapp aber auch nicht zu eng.
Alles in allem bin ich sehr enttäuscht von Nike. Bin ein großer Nike Fan.
Würde für alle, die eine etwas aktivere Sportart machen Baumwoll T Shirts empfehlen. Habe mir die von Erima gekauft und bin vollstens zufrieden.","1,0 von 5 Sternen","",""
"1582056454-2716","https://www.amazon.de/NIKE-Herren-Kurzarm-Trikot-Park/product-reviews/B01HI0R8VS/ref=cm_cr_dp_d_show_all_btm?ie=UTF8&reviewerType=all_reviews","Arkesh","Good Product","25. August 2019","The fitting is nice and it fits well at chest, neck and arms. The only problem is that the fabric is thin so it appears translucent when it hugs the chest. If you're comfortable with it then I'd recommend this to anyone who wants to go running or playing indoor games like badminton, etc.","4,0 von 5 Sternen","Weiter→","https://www.amazon.de/NIKE-Herren-Kurzarm-Trikot-Park/product-reviews/B01HI0R8VS/ref=cm_cr_arp_d_paging_btm_6?ie=UTF8&pageNumber=6&reviewerType=all_reviews"
"1582056457-2724","https://www.amazon.de/NIKE-Herren-Kurzarm-Trikot-Park/product-reviews/B01HI0R8VS/ref=cm_cr_dp_d_show_all_btm?ie=UTF8&reviewerType=all_reviews","Matze","Super Shirt!","19. Januar 2019","Das Shirt habe ich ständig im Fitness an und es fühlt sich super auf der Haut an, sowie trocken als auch durchgeschwitzt.
Die Passform und die Qualität sind wie erwartet gut. Auch nach ständigem benutzen und waschen, schaut das T-Shirt noch aus wie beim ersten Tag.

Würde ich jede Zeit wieder Kaufen!","5,0 von 5 Sternen","Weiter→","https://www.amazon.de/NIKE-Herren-Kurzarm-Trikot-Park/product-reviews/B01HI0R8VS/ref=cm_cr_arp_d_paging_btm_7?ie=UTF8&pageNumber=7&reviewerType=all_reviews"
"1582056442-2672","https://www.amazon.de/NIKE-Herren-Kurzarm-Trikot-Park/product-reviews/B01HI0R8VS/ref=cm_cr_dp_d_show_all_btm?ie=UTF8&reviewerType=all_reviews","Uwe H.","Leichtes Shirt","20. Juni 2019","Leichtes, luftiges Funktionsshirt, etwas weiter geschnitten, tolle Farben, schönes Design (siehe Gestaltung des Kragens), super Preis-/Leistungsverhältnis.
Die Shirts, ich habe mir bereits zwei hiervon zugelegt, sind sehr angenehm im Sommerurlaub und beim Sport zu tragen. Den fünften Stern verwehre ich aufgrund der Tatsache, dass an einem der Shirts bereits nach einmaligen tragen der Stoff angeraut ist bzw. sich Fäden gezogen haben. Auch andere Rezensenten haben hier bereits angeführt, dass die Shirts nicht allzu widerstandsfähig sind, was ich hiermit leider nur bestätigen kann.
Nach sportlicher Betätigung oder auch nach der Wäsche, trocknet das Material super schnell, so wie man es eigentlich auch erwartet.
Trotz des empfindlichen Stoffes, bewerte ich die gute Funktionalität des Shirts höher, so dass mir vier Sterne in der Gesamtbewertung durchaus gerechtfertigt erscheinen.","4,0 von 5 Sternen","Weiter→","https://www.amazon.de/NIKE-Herren-Kurzarm-Trikot-Park/product-reviews/B01HI0R8VS/ref=cm_cr_arp_d_paging_btm_2?ie=UTF8&pageNumber=2&reviewerType=all_reviews"
"1582056454-2718","https://www.amazon.de/NIKE-Herren-Kurzarm-Trikot-Park/product-reviews/B01HI0R8VS/ref=cm_cr_dp_d_show_all_btm?ie=UTF8&reviewerType=all_reviews","Jörg S.","Eigentlich gut, aber...","14. Juli 2018","Vom Stoff her und vom tragen her ein gutes Shirt was ich auch gerne beim Sport trage. Würde es auch gerne wieder kaufen. Habe das Shirt in blau und in rot. Das Problem ist das erst bei blau nach ca 8 Mal waschen so eine Art von Laufmaschen,ich weiss nicht wie islch es sonst beschreiben soll, am Arm mehrfach entstanden ist. Beim Roten ca 2 Wäschegänge später vorne mittig von der Brust bis zum bauch. Schade eigentlich.","2,0 von 5 Sternen","Weiter→","https://www.amazon.de/NIKE-Herren-Kurzarm-Trikot-Park/product-reviews/B01HI0R8VS/ref=cm_cr_arp_d_paging_btm_6?ie=UTF8&pageNumber=6&reviewerType=all_reviews"
"1582056457-2730","https://www.amazon.de/NIKE-Herren-Kurzarm-Trikot-Park/product-reviews/B01HI0R8VS/ref=cm_cr_dp_d_show_all_btm?ie=UTF8&reviewerType=all_reviews","steppstein","Passt!","25. September 2017","Habe bisher nicht viel von Funktionskleidung gehalten. Habe mich auf Grund des Preises zum Kauf entschlossen. Mit den Trageeigenschaften bin ich sehr zufrieden. Am angenehmsten ist, dass ich nach 2Stunden walken nicht mehr triefe vor Schweiss. Habe mir das Shirt eine Nummer kleiner bestellt.","5,0 von 5 Sternen","Weiter→","https://www.amazon.de/NIKE-Herren-Kurzarm-Trikot-Park/product-reviews/B01HI0R8VS/ref=cm_cr_arp_d_paging_btm_7?ie=UTF8&pageNumber=7&reviewerType=all_reviews"
