web-scraper-order,web-scraper-start-url,author,title,date,content,rating,next,next-href,
"1582057667-4042","https://www.amazon.de/AVM-Farbdisplay-beleuchtete-Tastatur-deutschsprachige-Wei%C3%9F/product-reviews/B00H90PS92/ref=cm_cr_arp_d_viewpnt_rgt?ie=UTF8&reviewerType=all_reviews&filterByStar=critical&pageNumber=1","Amazon Kunde","Akku bläht sich auf","4. Juni 2018","Das Fritzfon C4 wurde Ende 2014 gekauft und seit ca. 3 Monaten passte der Gerätedeckel an der Rückseite nicht mehr sauber. Wie sich herausstellte, bläht sich der verbaute Akku immer mehr auf. Eine Kulanzanfrage wurde von AVM abgelehnt. Ebenso stellt dies kein Sicherheitsrisiko dar(?). Möglich wäre ein Akku für 15,98 Euro inkl. Versand zu erwerben. Leider passen herkömmliche Akku (AA oder AAA) nicht.
Laut Internetforen ist das anscheinend ein bekanntes Problem. Der Support von AVM hat schnell reagiert. Deswegen 2 Sterne. Für das Gerät nur 1 Stern. Dies wird mein erstes und letztes Fritzfon sein! Meine zwei anderen, deutlich ältere Gigasetgeräte arbeiten immer noch einwandfrei! Das nächste Gerät wird wieder ein Gigaset sein.","2,0 von 5 Sternen","Weiter→","https://www.amazon.de/AVM-Farbdisplay-beleuchtete-Tastatur-deutschsprachige-Wei%C3%9F/product-reviews/B00H90PS92/ref=cm_cr_arp_d_paging_btm_2?ie=UTF8&filterByStar=critical&pageNumber=2&reviewerType=all_reviews","null"
"1582057678-4069","https://www.amazon.de/AVM-Farbdisplay-beleuchtete-Tastatur-deutschsprachige-Wei%C3%9F/product-reviews/B00H90PS92/ref=cm_cr_arp_d_viewpnt_rgt?ie=UTF8&reviewerType=all_reviews&filterByStar=critical&pageNumber=1","N. Ey.","Fritz!Fon funktionen sehr gut Sprachquallität bei mir schlecht","11. April 2016","Die Fritz!Fon in Kombination mit der Fritz Box (7490) hat hervorragend funktioniert
Viele Funktionen vieles steuerbar.
Leider war bei mir die Sprachqualität sehr schlecht. Bei Anrufen war stetig ein Hallen zu hören
und beim reden hat man sich selber über das Telefon gehört.
Habe dann noch das Siemens Gigaset S810 zum vergleich gekauft und über DECT verbunden, hier war das selbe Problem
man hat sich selber gehört... Darauf hin habe ich den Analogen Anschluss gewählt, dass heißt, nicht über die Fritz Box
sondern über den Splitter angeschlossen und alles war in Ordnung.
An was genau das liegt habe ich nicht herausgefunden, liegt es daran dass ich noch kein IP Anschluss habe oder
die DECT Signale von der Fritz Box nicht passen?? (Alle Updates, Neuinstallationen usw. wurden gemacht)
Leider musste ich die Fritz!Fon zwei Stück wieder zurückschicken da der Ton immer noch das wichtigste für mich ist.
Die Funktionen hätten schon sehr gut gepasst. Aber das Gigaset S810 ist auch ganz Ok. leider nicht mit den komfortablen Funktionen.","3,0 von 5 Sternen","Weiter→","https://www.amazon.de/AVM-Farbdisplay-beleuchtete-Tastatur-deutschsprachige-Wei%C3%9F/product-reviews/B00H90PS92/ref=cm_cr_arp_d_paging_btm_5?ie=UTF8&filterByStar=critical&pageNumber=5&reviewerType=all_reviews","null"
"1582057663-4025","https://www.amazon.de/AVM-Farbdisplay-beleuchtete-Tastatur-deutschsprachige-Wei%C3%9F/product-reviews/B00H90PS92/ref=cm_cr_arp_d_viewpnt_rgt?ie=UTF8&reviewerType=all_reviews&filterByStar=critical&pageNumber=1","HP9000","Gesprächsqualität sehr schlecht, mechanisch top","30. August 2018","Das für ein Telefon wichtigste Kriterium (oh Wunder) ist für mich die Gesprächsqualität. Hier kann das Fritz!Fon C4 leider nicht glänzen. Die Richtung zum Gesprächspartner ist wirklich schlecht. Es zischt und ploppt, als wenn man aus geringstem Abstand in das Mikrofon sprechen würde, dabei befindet sich das Mikrofon in einem ganz normalen Abstand. Hält man das ganze Telefon in ca. 30 cm Abstand, so wird die Qualität besser, aber nicht gut.

Falls das jemand von AVM lesen sollte: für mich sieht das nach einer zu agressiv arbeitenden AGC oder Kompression aus. An deren Parameter kommt der Nutzer aber nicht heran.

Mechanisch und haktisch ist das C4 gut gelungen, es wackelt oder knarzt nichts. Die Qualität des Gesprächs vom Gesprächspartner zu mir ist gut. Das wiegt aber das Defizit beim Telefonieren nicht auf. Ein älteres Fritz!Fon MT-F funktioniert am selben Anschluß perfekt.

Das C4 wurde seitens Amazon einmal ausgetauscht und schließlich zurückgenommen. Danke für die unbürokratische Hilfe.","1,0 von 5 Sternen","","","null"
"1582057685-4077","https://www.amazon.de/AVM-Farbdisplay-beleuchtete-Tastatur-deutschsprachige-Wei%C3%9F/product-reviews/B00H90PS92/ref=cm_cr_arp_d_viewpnt_rgt?ie=UTF8&reviewerType=all_reviews&filterByStar=critical&pageNumber=1","Maik H.","Telefon mit ordentlichem Leistungsumfang und Schwächen","11. März 2018","Anscheinend habe ich ein Montagsgerät erhalten. Der Leistungsspektrum des Gerätes ist unschlagbar für den Preis. Die Administration aller Dienste in Verbindung mit der FritzBox gehen kinderleicht von der Hand. Die Gesprächsqualität ist super.

Großes Manko, auch von dem AVM-Support: Der Akku hat ein paar Tage nach der Rücknahmezeit von Amazon den Geist aufgegeben. Ich habe das Gerät im Januar 2018 gekauft und schon ist der Akku kaputt. Plötzlich ging das Telefon aus und meldete ""Akku"" leer. Das Problem ist bekannt aber AVM sieht den Akku als Verschleißteil an und bietet einen neuen Akku für 9,95 € zzgl. Versand. Eine Frechheit...","3,0 von 5 Sternen","Weiter→","https://www.amazon.de/AVM-Farbdisplay-beleuchtete-Tastatur-deutschsprachige-Wei%C3%9F/product-reviews/B00H90PS92/ref=cm_cr_arp_d_paging_btm_6?ie=UTF8&filterByStar=critical&pageNumber=6&reviewerType=all_reviews","null"
"1582057667-4038","https://www.amazon.de/AVM-Farbdisplay-beleuchtete-Tastatur-deutschsprachige-Wei%C3%9F/product-reviews/B00H90PS92/ref=cm_cr_arp_d_viewpnt_rgt?ie=UTF8&reviewerType=all_reviews&filterByStar=critical&pageNumber=1","Tanja Bäcker","Fritz!Fon C4","26. Februar 2016","Ich habe mittlerweile 4 Geräte im Einsatz, da ich eine Fritz-Box habe. Mit der Leistung bin ich eigentlich zufrieden. Beim Freisprechen ist es eben so, dass immer nur einer sprechen kann, da es sonst zu Aussetzern kommt und man den Gesprächspartner nicht mehr hören kann. Manchmal klingelt eines auch nicht aber damit komm ich klar.

Das größte Problem bei den Telefonen, zumindest bei mir, ist folgendes:
Ich hatte mir vor ca. 2 Jahren ein Gerät gekauft. Nach einigen Wochen waren auf der Vorderseite Risse im Plastik. So habe ich mich nicht mehr getraut, es zu benutzen. Also hab ich mir ein weiteres gekauft. Doch auch hier trat nach einigen Wochen genau das gleiche Problem auf. Also hab ich dieses Mal den Kundenservice des Händlers kontaktiert. Ich schickte es ein und bekam Ersatz. So weit so gut. Ich kaufte also noch weitere, in der Hoffnung, dass es nur ein ""Versehen"" war. Also letztendlich habe ich 4 dieser Telefone in Gebrauch. Aber 3 davon sind an genau denselben Stellen gebrochen. Ich vermute mal ein Materialfehler. Bei einem sind sogar an der oberen Seite noch Teilchen abgebrochen.
Das Design und die Farbe des C4 finde ich toll, das Material ist einfach nur schlecht und ich warte schon jeden Tag darauf, wann das 4. Gehäuse endlich bricht. Meistens benutze ich es aber gar nicht mehr. Schade, denn es hätte für mich sonst locker für die 5 Sterne gereicht.","3,0 von 5 Sternen","Weiter→","https://www.amazon.de/AVM-Farbdisplay-beleuchtete-Tastatur-deutschsprachige-Wei%C3%9F/product-reviews/B00H90PS92/ref=cm_cr_arp_d_paging_btm_2?ie=UTF8&filterByStar=critical&pageNumber=2&reviewerType=all_reviews","null"
"1582057674-4053","https://www.amazon.de/AVM-Farbdisplay-beleuchtete-Tastatur-deutschsprachige-Wei%C3%9F/product-reviews/B00H90PS92/ref=cm_cr_arp_d_viewpnt_rgt?ie=UTF8&reviewerType=all_reviews&filterByStar=critical&pageNumber=1","Bernhard","Fritz Fon C 4, Gesprächsabbrüche","12. Januar 2019","Das Fritz Fon C 4  habe ich im oktober 2016 bei Ihnen gekauft. Bis vor etwa 6 Wochen war es störungsfrei. Seitdem tritt folgendes Problem auf: Während eines Gesprächs ist plötzlich totaler Verbindungsabbruch, alles blinkt rot, dann erscheint ""Suche Basis"" und der Akku zeigt fast völlige Entleerung an, obwohl das Gerät vorher vollgeladen auf der Basistation lag. Den Akku habe ich bereits ersetzt (Kauf über Amazon). Wenn ich das Gerät wieder auf die Basisstation lege, dauert es ca. 20 bis 30 Minuten dann erscheint wieder voller Ladezustand. Erneutes Gespräch und nach kurzer Zeit wieder ein ""Blackout"". Auch eine Neu-Synchrosination hat keine Verbesserung gebracht. Gibt es vielleicht die Möglichkeit eines Geräte-Austauschs aus Kulanzgründen??  Mit freundlichen Grüßen  Schneider","3,0 von 5 Sternen","Weiter→","https://www.amazon.de/AVM-Farbdisplay-beleuchtete-Tastatur-deutschsprachige-Wei%C3%9F/product-reviews/B00H90PS92/ref=cm_cr_arp_d_paging_btm_4?ie=UTF8&filterByStar=critical&pageNumber=4&reviewerType=all_reviews","null"
"1582057667-4037","https://www.amazon.de/AVM-Farbdisplay-beleuchtete-Tastatur-deutschsprachige-Wei%C3%9F/product-reviews/B00H90PS92/ref=cm_cr_arp_d_viewpnt_rgt?ie=UTF8&reviewerType=all_reviews&filterByStar=critical&pageNumber=1","Bill","Display defekt nach 4 Jahren","19. November 2019","Ich habe 2 C4 in der Benutzung. Bin eigentlich bisher recht zufrieden. Bedienung ist gut. Der Lausprecher knarzt etwas beim Freisprechen und man sollte nicht zu weit wegsitzen beim Freisprechen sonst hört der Anrufer einen schlecht. Akkulaufzeit ist gut. Die Reichweite zusammen mit einer Fritz 7390 ist noch ok, draußen auf der Terrasse hat man keinen Empfang mehr. Im Haus selbst aber überall. Allerdings gibt es wohl Probleme mit den Displays. Bei einem war das Display innerhalb der Garantiezeit defekt und ich habe ein Austauchgerät erhalten. Jetzt, nach 4 Jahren, hat sich das nächste Display verabschiedet. Ich finde die Haltbarkeit zu gering, daher keine gute Bewertung.","1,0 von 5 Sternen","Weiter→","https://www.amazon.de/AVM-Farbdisplay-beleuchtete-Tastatur-deutschsprachige-Wei%C3%9F/product-reviews/B00H90PS92/ref=cm_cr_arp_d_paging_btm_2?ie=UTF8&filterByStar=critical&pageNumber=2&reviewerType=all_reviews","null"
"1582057685-4074","https://www.amazon.de/AVM-Farbdisplay-beleuchtete-Tastatur-deutschsprachige-Wei%C3%9F/product-reviews/B00H90PS92/ref=cm_cr_arp_d_viewpnt_rgt?ie=UTF8&reviewerType=all_reviews&filterByStar=critical&pageNumber=1","Torsten Speckmann","Schon mein drittes.","13. April 2017","Eigentlich kaufe die AVM Telefone gerne zu meiner FritzBox:
1. sehen chick aus
2. einfach anzuschliesen (DECT)
3. Die ganze Familie kommt mit klar:

Aber leider gehen die mir immer nach einem bis 2 Jahren kaputt.
Erst ein Mono in Black dann ein Farbiges in Black nun dieses seit 02/2016 Auch defekt eigentlich immer das gleiche gehen mitten im Telefonat aus und booten dauernd neu.
Und ja die Telefone werden schon oft gebraucht (Ganze Familie hängt da dran) aber dafür sollten die ja auch da sein!
Ein anderes Fabrikat das parallel zu dem FRITZFON betrieben wird hält übrigens schon ca 8 Jahre.

Nun versuche ich das mal mit diesem Gerät über Garantie! (Werde dann berichten)","2,0 von 5 Sternen","Weiter→","https://www.amazon.de/AVM-Farbdisplay-beleuchtete-Tastatur-deutschsprachige-Wei%C3%9F/product-reviews/B00H90PS92/ref=cm_cr_arp_d_paging_btm_6?ie=UTF8&filterByStar=critical&pageNumber=6&reviewerType=all_reviews","null"
"1582057667-4035","https://www.amazon.de/AVM-Farbdisplay-beleuchtete-Tastatur-deutschsprachige-Wei%C3%9F/product-reviews/B00H90PS92/ref=cm_cr_arp_d_viewpnt_rgt?ie=UTF8&reviewerType=all_reviews&filterByStar=critical&pageNumber=1","holdi","Naja gespart an der falschen Stelle","26. November 2018","Hab mir das Telefon eigentlich als Gartentelefon gekauft, aber das war ein Reinfall.
Die Reichweite ist unter aller Würde, im Garten fast kein Empfang, obwohl ich meine Fritzbox auf Hochleistung gestellt habe.
Mit meinem Panasonictelefon kann ich ums ganze Haus laufen und hab immer Empfang.
Selbst im Haus reicht der Empfang des AVM FRITZ!Fon C4 nicht mal bis in die 2. Etage oder bis in den Keller.
Naja gespart an der falschen Stelle, sonst ist das Telefon mit den Möglichkeiten die es bietet toll, aber eben nur auf einer Etage im Haus.
Deshalb von mir keine Kaufempfehlung, ich habe es an Amazon zurückgeschickt.","2,0 von 5 Sternen","Weiter→","https://www.amazon.de/AVM-Farbdisplay-beleuchtete-Tastatur-deutschsprachige-Wei%C3%9F/product-reviews/B00H90PS92/ref=cm_cr_arp_d_paging_btm_2?ie=UTF8&filterByStar=critical&pageNumber=2&reviewerType=all_reviews","null"
"1582057663-4030","https://www.amazon.de/AVM-Farbdisplay-beleuchtete-Tastatur-deutschsprachige-Wei%C3%9F/product-reviews/B00H90PS92/ref=cm_cr_arp_d_viewpnt_rgt?ie=UTF8&reviewerType=all_reviews&filterByStar=critical&pageNumber=1","Dirk  Tadje","Der Akku hat sich aufgebläht","3. August 2017","Leider hat sich der Akku aufgebläht, so dass sich der rückseitige Deckel geöffnet hat und nicht mehr schließen läßt. Ich hab den Akku sofort außer Betrieb genommen, da ich befüchtete dass Brand- oder Explosionsgefahr besteht.
Ich habe den Support von AVM kontaktiert. Leider ist da auf Kulanz nichts zu machen, da Akkus Verschleißteile sind und das Gerät zu alt ist.
Ich soll bei AVM einen neuen Akku kaufen :-(
Naja dann waren die Akkus vom Samsung Note 7 wohl auch Verschleißteile, als sie reihenweise explodiert sind, nachdem sie sich aufgebläht hatten.
Nachdem ich etwas zu dem Thema gegooglet habe, musste ich feststellen, dass dieses Problem bei meinem Fritz!Fon C4 wohl kein Einzelfall ist.
Sorry AVM aber Kundenservice sieht für mich anders aus :-(  Kann man hier auch Negativsterne vergeben ?","1,0 von 5 Sternen","","","null"
"1582057685-4076","https://www.amazon.de/AVM-Farbdisplay-beleuchtete-Tastatur-deutschsprachige-Wei%C3%9F/product-reviews/B00H90PS92/ref=cm_cr_arp_d_viewpnt_rgt?ie=UTF8&reviewerType=all_reviews&filterByStar=critical&pageNumber=1","Joachim","Display geht nicht mehr nach Softwareupdate","18. Juli 2017","Ich habe das Telefon im April 2015 gekauft und nun (gefühlt nach einem Softwareupdate) geht das Display nicht mehr. Laut Hotline ist das mein Pech, da es älter als zwei Jahre ist. Unfassbar! Das schreit nach geplanter Obsoleszenz! Das letzte mal, dass ich was von AVM gekauft habe","1,0 von 5 Sternen","Weiter→","https://www.amazon.de/AVM-Farbdisplay-beleuchtete-Tastatur-deutschsprachige-Wei%C3%9F/product-reviews/B00H90PS92/ref=cm_cr_arp_d_paging_btm_6?ie=UTF8&filterByStar=critical&pageNumber=6&reviewerType=all_reviews","null"
"1582057667-4041","https://www.amazon.de/AVM-Farbdisplay-beleuchtete-Tastatur-deutschsprachige-Wei%C3%9F/product-reviews/B00H90PS92/ref=cm_cr_arp_d_viewpnt_rgt?ie=UTF8&reviewerType=all_reviews&filterByStar=critical&pageNumber=1","R.K.","Telefon an sich gut, aber","6. Februar 2019","der Akku. Aktuell habe ich 4 dieser Geräte im Einsatz. Eines nach dem anderen macht Probleme. Erst merkt man dass die Rückseite etwas absteht, dann macht das auch leise Geräusche beim in der Hand halten, bis dann irgendwann die Rückseite nicht mehr ins gehäuse einrastet. Erst dachte ich dass die Kunststoffnasen einfahc nicht mehr einrasten, weil sie nicht mehr kantig genug sind. Damit lag ich aber völlig daneben. Die Akkus blähen sich auf! Wenn der dann einen schönen Bauch hat, kann die eingeklipste Rückseite gar nicht mehr halten. Und das nicht mehr halten ist dann ja noch das geringste Problem. Dem Akku traue ich keine Minute mehr!","3,0 von 5 Sternen","Weiter→","https://www.amazon.de/AVM-Farbdisplay-beleuchtete-Tastatur-deutschsprachige-Wei%C3%9F/product-reviews/B00H90PS92/ref=cm_cr_arp_d_paging_btm_2?ie=UTF8&filterByStar=critical&pageNumber=2&reviewerType=all_reviews","null"
"1582057678-4068","https://www.amazon.de/AVM-Farbdisplay-beleuchtete-Tastatur-deutschsprachige-Wei%C3%9F/product-reviews/B00H90PS92/ref=cm_cr_arp_d_viewpnt_rgt?ie=UTF8&reviewerType=all_reviews&filterByStar=critical&pageNumber=1","Millie","3 Jahre Fritz!Fon","29. August 2017","... und ein klein wenig ernüchtert. Die Sprachqualität empfand ich insgesamt besser als beim zuvor genutzten Gigaset von Siemens. Telefonieren über angestöpseltes Headset haben wir aufgegeben, da sich ein permanentes Rauschen auch beim Gesprächspartner als extrem nervig erwies. Telefonieren über Lautsprecher führt beim Gesprächspartner oft zu der Beschwerde, man sei ""weit weg"". Am besten nutzt man das Gerät also direkt am Ohr.
Allerdings gibt es einen wirklich großen Mangel: der Akku des Gerätes wird ""rund"", dh die Seiten wölben sich auf. Damit wird die Abdeckung nach hinten gedrückt und schließt nicht mehr. Wir haben eine Telefonanlage mit 5 C4-Geräten. Nach und nach trat dieser Mangel bei allen auf, zuerst beim meistgenutzten. Ein Gerät ist inzwischen so, daß es nichtmehr lädt, andere Geräte laden in der Station einwandfrei, während dieses Gerät in keiner der vorhandenen Ladestationen lädt. Wir probieren es nun mit einem Ersatzakku.
Zu Beginn haben wir zwei Geräte nach ca. 3 bzw. 4 Monaten zurücksenden müssen, da das Display schwarz bzw gestreift war und nichts mehr passierte. Anstandslos wurden die Geräte getauscht.
Das Fritz!Fon C4 ist gut, aber auch nicht überragend. Schade, wir hatten uns eigentlich deutlich mehr als drei Jahre Nutzungsdauer erhofft.","3,0 von 5 Sternen","Weiter→","https://www.amazon.de/AVM-Farbdisplay-beleuchtete-Tastatur-deutschsprachige-Wei%C3%9F/product-reviews/B00H90PS92/ref=cm_cr_arp_d_paging_btm_5?ie=UTF8&filterByStar=critical&pageNumber=5&reviewerType=all_reviews","null"
"1582057678-4064","https://www.amazon.de/AVM-Farbdisplay-beleuchtete-Tastatur-deutschsprachige-Wei%C3%9F/product-reviews/B00H90PS92/ref=cm_cr_arp_d_viewpnt_rgt?ie=UTF8&reviewerType=all_reviews&filterByStar=critical&pageNumber=1","dancer","Leider doch mit erheblichem Rauschen","15. Mai 2015","Das Gerät sieht gut aus und würde natürlich ideal zu meiner Fritzbox 7490 passen. Da eines meiner Gigaset-Handteile einen Wackelkontakt hat hatte ich mir vom C4 einen perfekten Nachfolger erhofft, zumal ja auch der Preis dafür spricht.
Es ließ sich problemlos anmelden, sowohl an der Fritz-DECT als auch an der Gigaset-Basis. Es wurde auch gleich automatisch ein Update eingespielt und das Telefonbuch synchronisiert. Alles top. Aber...

Obwohl auch ein Gigaset an der DECT-Basis der 7490 hängt, reicht dort eine verringerte Sendeleistung vom 2.OG in EG für sehr gute Sprachqualität. Bei C4 reißt die Verbindung ab. Mit voller Sendeleistung geht es, aber die Qualität über 2 Etagen wird hörbar schlechter.
Was leider immer da ist, egal an welcher Basis und mit welcher Sendeleistung - ein permanentes und durchaus störendes Rauschen, das auch vom Gegenüber gehört wird. Das hat das Gigaset nicht und das geht leider auch überhaupt nicht. Da ich vorrangig ein gutes Telefon brauche und keine Fernbedienung für die Fritzbox muss ich wohl doch wieder zu einem anderen Gerät greifen. Wirklich schade, da es ansonsten wirklich gut gewesen wäre.","2,0 von 5 Sternen","Weiter→","https://www.amazon.de/AVM-Farbdisplay-beleuchtete-Tastatur-deutschsprachige-Wei%C3%9F/product-reviews/B00H90PS92/ref=cm_cr_arp_d_paging_btm_5?ie=UTF8&filterByStar=critical&pageNumber=5&reviewerType=all_reviews","null"
"1582057678-4072","https://www.amazon.de/AVM-Farbdisplay-beleuchtete-Tastatur-deutschsprachige-Wei%C3%9F/product-reviews/B00H90PS92/ref=cm_cr_arp_d_viewpnt_rgt?ie=UTF8&reviewerType=all_reviews&filterByStar=critical&pageNumber=1","Tobias Geidel","Jedes Jahr ein neuer Akku...","4. Dezember 2019","...für alle meine Fritz!Fons.
Neben den tollen Eigenschaften vor allem in Bezug auf die Kompatibilät mit der Fritz!Box musste ich regelmäßig nach 12-15 Montaen den Akku tausche, da dieser sich aufbläht und die Abdeckung somit vom Gehäuse drückt.
Erste Erfahrung mit anderen Herstellern lässt mich meine Telefone nun nach und nach austauschen. Idealerweise verwendet man welche mit AA-Akkus -> günstig und einfacher Austauschbar, falls da mal was defekt sein sollte.","3,0 von 5 Sternen","Weiter→","https://www.amazon.de/AVM-Farbdisplay-beleuchtete-Tastatur-deutschsprachige-Wei%C3%9F/product-reviews/B00H90PS92/ref=cm_cr_arp_d_paging_btm_5?ie=UTF8&filterByStar=critical&pageNumber=5&reviewerType=all_reviews","null"
"1582057678-4065","https://www.amazon.de/AVM-Farbdisplay-beleuchtete-Tastatur-deutschsprachige-Wei%C3%9F/product-reviews/B00H90PS92/ref=cm_cr_arp_d_viewpnt_rgt?ie=UTF8&reviewerType=all_reviews&filterByStar=critical&pageNumber=1","Harald M.","Gerät nach ersten Umtausch, schon wieder defekt; natürlich kurz nach Ablauf der Gewährleistung","25. Oktober 2017","Kurz nach der Gewährleistung fiel die grüne Taste komplett aus. Nach Mail an den Support  sah man sich außerstande, den Schaden auf Kulanz zu beheben. Wörtlich: Eine kostenpflichtige Reparatur Ihres Gerätes außerhalb der Herstellergarantie bieten wir nicht an"". Ein Gerät einmal defekt, danach für die Mülltonne. Eine deutsche Firma mit einem Nachhahltigkeitsindex gleich Null. Produkte aus diesem Hause, kommen danach wohl noch kaum in Frage.","1,0 von 5 Sternen","Weiter→","https://www.amazon.de/AVM-Farbdisplay-beleuchtete-Tastatur-deutschsprachige-Wei%C3%9F/product-reviews/B00H90PS92/ref=cm_cr_arp_d_paging_btm_5?ie=UTF8&filterByStar=critical&pageNumber=5&reviewerType=all_reviews","null"
"1582057678-4071","https://www.amazon.de/AVM-Farbdisplay-beleuchtete-Tastatur-deutschsprachige-Wei%C3%9F/product-reviews/B00H90PS92/ref=cm_cr_arp_d_viewpnt_rgt?ie=UTF8&reviewerType=all_reviews&filterByStar=critical&pageNumber=1","L. T.","Zwei Punkte Abzug für Kleinigkeiten","21. Februar 2017","Funktioniert sehr gut. Sind jedoch Decken zwischen dem Router und dem Telefon wird ein DECT-Repeater benötigt, da u.U. die Verbindung schlecht wird.
Bei einem unserer drei Telefone bläte sich der Akku nach einem Jahr auf und der Deckel schloss nicht mehr. Haben sofort einen neuenAkku erhalten und alles war gut.","3,0 von 5 Sternen","Weiter→","https://www.amazon.de/AVM-Farbdisplay-beleuchtete-Tastatur-deutschsprachige-Wei%C3%9F/product-reviews/B00H90PS92/ref=cm_cr_arp_d_paging_btm_5?ie=UTF8&filterByStar=critical&pageNumber=5&reviewerType=all_reviews","null"
"1582057685-4082","https://www.amazon.de/AVM-Farbdisplay-beleuchtete-Tastatur-deutschsprachige-Wei%C3%9F/product-reviews/B00H90PS92/ref=cm_cr_arp_d_viewpnt_rgt?ie=UTF8&reviewerType=all_reviews&filterByStar=critical&pageNumber=1","FHP G.","Mangelhafte Reichweite, schlechte Tonqualität für die Gegenseite","20. Juli 2016","Das an eine AVM FRITZ!Box 7490 angemeldete Telefon hat eine sehr schlechte Reichweite. Auffällig ist, dass die Verbindungstärkenanzeige stark schwankt, auch wenn man sich nicht bewegt. Die Gesprächsqualität ist für die Gegenseite (Gesprächspartner) in der Regel so schlecht, dass man ständig darauf hingewiesen wird, man sei schlecht zu verstehen. Ein an derselben Fritzbox angemeldetes altes Gigaset hat keinerlei diesbezügliche Probleme. Alle Öko-Schaltungen sind ausgestellt.","2,0 von 5 Sternen","Weiter→","https://www.amazon.de/AVM-Farbdisplay-beleuchtete-Tastatur-deutschsprachige-Wei%C3%9F/product-reviews/B00H90PS92/ref=cm_cr_arp_d_paging_btm_6?ie=UTF8&filterByStar=critical&pageNumber=6&reviewerType=all_reviews","null"
"1582057674-4057","https://www.amazon.de/AVM-Farbdisplay-beleuchtete-Tastatur-deutschsprachige-Wei%C3%9F/product-reviews/B00H90PS92/ref=cm_cr_arp_d_viewpnt_rgt?ie=UTF8&reviewerType=all_reviews&filterByStar=critical&pageNumber=1","Alfred Schulze","Leider pünktlich nach der Gewährleistungfrist kaputt.","6. August 2019","Zwei Jahre lang ein zuverlässiges und schönes funktionelles Telefon.
Dann funktionierte plötzlich der Lautsprecher nicht mehr, ist natürlich blöd wenn es nicht mehr klingelt.
Ein Geräte- Reset brachte auch keinen Erfolg.
Also teurer Elektronikschrott, Reparatur lohnt sich bei dem Preis nicht.
Bin von AVM enttäuscht.","1,0 von 5 Sternen","Weiter→","https://www.amazon.de/AVM-Farbdisplay-beleuchtete-Tastatur-deutschsprachige-Wei%C3%9F/product-reviews/B00H90PS92/ref=cm_cr_arp_d_paging_btm_4?ie=UTF8&filterByStar=critical&pageNumber=4&reviewerType=all_reviews","null"
"1582057667-4036","https://www.amazon.de/AVM-Farbdisplay-beleuchtete-Tastatur-deutschsprachige-Wei%C3%9F/product-reviews/B00H90PS92/ref=cm_cr_arp_d_viewpnt_rgt?ie=UTF8&reviewerType=all_reviews&filterByStar=critical&pageNumber=1","XBow","Schlechter als erwartet!","24. Oktober 2019","Nachdem ich mein Gigaset ersetzen musste, dachte ich gleich an ein Telefon von AVM, da ich eine Fritzbox besitze.
Das Telefon ist von guter Qualität, einfach zu installieren und der Display ist sehr gut.
Aber:
Ich benutze das Telefon in meinem Büro, was ca. 15 Meter von der Basisstation (Fritzbox) entfernt ist. Da zwischen eine 15cm Ziegelwand und eine Wand in Trockenbauweise. Das Signal ist aber so dermaßen schlecht, das es beim telefonieren oft zu Abbrüchen kommt. Updates haben bisher auch nichts gebracht. Das Telefon ""hängt"" sich auch recht häufig beim Telefonieren auf, was sich durch ein sehr lautes rauschen/pfeifen angekündigt.  Ich kann das Modell deshalb nur bedingt empfehlen!","2,0 von 5 Sternen","Weiter→","https://www.amazon.de/AVM-Farbdisplay-beleuchtete-Tastatur-deutschsprachige-Wei%C3%9F/product-reviews/B00H90PS92/ref=cm_cr_arp_d_paging_btm_2?ie=UTF8&filterByStar=critical&pageNumber=2&reviewerType=all_reviews","null"
"1582057670-4043","https://www.amazon.de/AVM-Farbdisplay-beleuchtete-Tastatur-deutschsprachige-Wei%C3%9F/product-reviews/B00H90PS92/ref=cm_cr_arp_d_viewpnt_rgt?ie=UTF8&reviewerType=all_reviews&filterByStar=critical&pageNumber=1","Christoph","Gutes Gerät, auf den zweiten Blick eher nicht so wertig, großes Pech mit Kundenservice","12. Dezember 2016","Das Fritz Fon C4 ist ein Gerät, das wie von vielen beschrieben gut mit der Fritz Box harmoniert. Auf den zweiten Blick stören mich folgende Punkte:

- die Sprachqualität ist deutlich schlechter als zb von den Geräten von Gigaset (habe zum Vergleich ein 430H), es kommt immer wieder zu Rauschen und Knacksen in der Leitung
- ein Problem, wenn man hellhörige kleine Kinder im Haus hat: das Geräteklingeln lässt sich zwar einfach tonlos schalten, die Möglichkeit, zügig auf einen Peep-Ton zu schalten fehlt.

Am meisten hat mich jedoch der Service enttäuscht: das Gerät ist mir kurz vor Ablauf der Garantie kaputt gegangen (Display leuchtet nur noch weiß), dieses wurde durch ein Neugerät ausgetauscht. Als das Neugerät nach 2 Monaten defekt war (ließ sich nicht mehr einschalten) verweigerte AVM mit Hinweis auf die nun abgelaufene Garantie (auf das Erstgerät) eine Reparatur. Sehr schade.","3,0 von 5 Sternen","Weiter→","https://www.amazon.de/AVM-Farbdisplay-beleuchtete-Tastatur-deutschsprachige-Wei%C3%9F/product-reviews/B00H90PS92/ref=cm_cr_arp_d_paging_btm_3?ie=UTF8&filterByStar=critical&pageNumber=3&reviewerType=all_reviews","null"
"1582057685-4073","https://www.amazon.de/AVM-Farbdisplay-beleuchtete-Tastatur-deutschsprachige-Wei%C3%9F/product-reviews/B00H90PS92/ref=cm_cr_arp_d_viewpnt_rgt?ie=UTF8&reviewerType=all_reviews&filterByStar=critical&pageNumber=1","Familie M.","Abwertung wegen mangelhafter Funktion des Headset Anschlusses","30. März 2017","Ich habe dieses ""Fon"" ergänzend zu weiteren Fritz!Fon gekauft, weil es eine Buchse für ein Headset hat.
Nachdem ich nun ein passendes Headset erworben und angeschlossen hatte, kam die große Enttäuschung. Nach Gesprächsaufbau hört das Gegenüber ein starkes Summen (einer sprach davon, ob ich mit dem Rasierapparat telefoniere!), selbst im eigenen Hörer ist das Summen noch wahrnehmbar. Dieses Geräusch ist für den Gesprächspartner sehr störend und es ist auch nur ein kleiner Trost, dass dieses Störgeräusch aufhört, sobald die Displaybeleuchtung ausgeht. Dann ist zwar Ruhe, aber wenn man das C4 auch nur leicht bewegt, geht ja Sensor-gesteuert die Beleuchtung wieder an ....
Wie man in Foren lesen kann, betrifft es alle Typen von Headsets, mein Headset an einem iPhone angeschlossen arbeitet dann ohne Störgeräusche.
Es ist mir unverständlich, wie AVM bei so einem Manko überhaupt eine Buchse vorsieht. Ich hätte das Gerät zurück geschickt, aber leider waren die zwei Wochen schon längst rum.","3,0 von 5 Sternen","Weiter→","https://www.amazon.de/AVM-Farbdisplay-beleuchtete-Tastatur-deutschsprachige-Wei%C3%9F/product-reviews/B00H90PS92/ref=cm_cr_arp_d_paging_btm_6?ie=UTF8&filterByStar=critical&pageNumber=6&reviewerType=all_reviews","null"
"1582057678-4066","https://www.amazon.de/AVM-Farbdisplay-beleuchtete-Tastatur-deutschsprachige-Wei%C3%9F/product-reviews/B00H90PS92/ref=cm_cr_arp_d_viewpnt_rgt?ie=UTF8&reviewerType=all_reviews&filterByStar=critical&pageNumber=1","CB","Gehäuseabdeckung löst sich und lädt nicht","17. Dezember 2017","Ich habe das C4 rund 26 Monate. Nach etwas 12 Monaten hat sich die hintere Gehäuseabdeckung unten gelöst. Die Halteclips rasten nicht mehr ein. Mittlerweile steht die Abdeckung so weit ab, dass die Ladekontakte nicht mehr in die Kontakte der Ladeschale einrasten und das Gerät nicht mehr geladen werden kann.","1,0 von 5 Sternen","Weiter→","https://www.amazon.de/AVM-Farbdisplay-beleuchtete-Tastatur-deutschsprachige-Wei%C3%9F/product-reviews/B00H90PS92/ref=cm_cr_arp_d_paging_btm_5?ie=UTF8&filterByStar=critical&pageNumber=5&reviewerType=all_reviews","null"
"1582057663-4031","https://www.amazon.de/AVM-Farbdisplay-beleuchtete-Tastatur-deutschsprachige-Wei%C3%9F/product-reviews/B00H90PS92/ref=cm_cr_arp_d_viewpnt_rgt?ie=UTF8&reviewerType=all_reviews&filterByStar=critical&pageNumber=1","Amazon Kunde","Verbindungsabbrüche","25. September 2018","Leider kann ich die hier schon öfters bemängelten Verbindungsabbrüche nur bestätigen.
Die Anmeldung des C4 an meiner Fritzbox 7490 erfolgte einfach und schnell.
doch wirklich benutzen konnte ich das Fon nicht. In einem Abstand von 3 bis 4 Meter von der freistehenden Fritzbox brachen mehrfach geführte Gespräche einfach ab. Nach verlassen des Raumes wurde gar keine Verbindung mehr angezeigt.
So ist das Gerät für mich nicht zu gebrauchen.
Nach Umstieg auf ein Produkt eines großen Mitbewerbers kann ich mich durchs ganze Haus einschließlich Keller und Speicher bewegen ohne dass irgendwelche Störungen auftraten.
Hier sollte AVM noch einmal gründlich nachbessern.","1,0 von 5 Sternen","","","null"
"1582057663-4029","https://www.amazon.de/AVM-Farbdisplay-beleuchtete-Tastatur-deutschsprachige-Wei%C3%9F/product-reviews/B00H90PS92/ref=cm_cr_arp_d_viewpnt_rgt?ie=UTF8&reviewerType=all_reviews&filterByStar=critical&pageNumber=1","Rainer","C4 nach Ablauf der Garantie kaputt","23. April 2018","Ich habe zwei von diesen FirtzFons, wowohl das MT -F als auch das C4 Modell und bin von beiden enttäuscht, obwohl ansonsten von Fritz Produkten sehr angetan. Das C4 Modell ging nach 26 Monaten kaputt.

Die Geräte sind überteuert und halten dem Vergleich mit meinen billigen Panasonics nicht stand, weder in Reichweite noch in Klang.

Hier tut sich Fritz keinen Gefallen und verärgert die Kunden durch Abzocke. Leider kann ich die Panasonics nicht so wie die FritzFons in DECT Software einbinden, obwohl sie als Telefone gut funktionieren.

Ich hoffe, daß Fritz irgendwann mal ein Fon herausbringt, welches seinem sonstigen Produktstandard gerecht wird.","1,0 von 5 Sternen","","","null"
"1582057670-4051","https://www.amazon.de/AVM-Farbdisplay-beleuchtete-Tastatur-deutschsprachige-Wei%C3%9F/product-reviews/B00H90PS92/ref=cm_cr_arp_d_viewpnt_rgt?ie=UTF8&reviewerType=all_reviews&filterByStar=critical&pageNumber=1","Dirk Herz","Was heisst hier kompatibel ?","22. April 2019","Habe kein FritzWlan-Router wollte dieses Mobilteil für meinen Telekom-Router 724V verwenden habe jedoch nach mühsamen Versuchen das Teil (DECT) einzubinde, entnervt aufgegeben. Sicher ein gutes Teil wenn man einen FritzWLan-Router besitzt. Habe mir für meinen Router noch ein FritzWLan-Repeater gekauft, dieser funktioniert einwandfrei.","2,0 von 5 Sternen","Weiter→","https://www.amazon.de/AVM-Farbdisplay-beleuchtete-Tastatur-deutschsprachige-Wei%C3%9F/product-reviews/B00H90PS92/ref=cm_cr_arp_d_paging_btm_3?ie=UTF8&filterByStar=critical&pageNumber=3&reviewerType=all_reviews","null"
"1582057670-4046","https://www.amazon.de/AVM-Farbdisplay-beleuchtete-Tastatur-deutschsprachige-Wei%C3%9F/product-reviews/B00H90PS92/ref=cm_cr_arp_d_viewpnt_rgt?ie=UTF8&reviewerType=all_reviews&filterByStar=critical&pageNumber=1","T. Günther","Gerät okay, Akku minderwertig","11. August 2015","Nach nunmehr 14 Monaten mit 3 C4-Handsets  nun mein Fazit: Das Gerät ist nach einigen Firmware-Updates mittlerweile stabil und von der Sprachqualität her top. Kein Verständnis habe ich dafür, dass der Akku so eine minderwertige Qualität aufweist und beim ersten meiner Geräte bereits nach 14 Monaten defekt war. Besser gesagt er hatte plötzlich einen ""Bauch"", wodurch sich der Deckel des Akkufaches nicht mehr ganz schließen ließ. AVM hält das offensichtlich für völlig normal, denn Ersatz leistet man nur bis zu 12 Monaten und verweist lediglich auf den ""Kleinteileshop"" zum Nachbestellen. Dabei handelt es sich um nichts anderes als eine kundenunfreundliche  Mailadresse. Ich habe dafür keine Verständnis - zwar habe ich schon einige Defekte von Li-ion-Akkus erlebt, aber dies höchstens nach mehreren Jahren und dann auch nicht mit Deformation der Zelle bei der man ein baldiges Aufplatzen befürchten muss. AVM hat hier anscheinend vom billigsten Anbieter in minderwertiger Qualität gekauft.","3,0 von 5 Sternen","Weiter→","https://www.amazon.de/AVM-Farbdisplay-beleuchtete-Tastatur-deutschsprachige-Wei%C3%9F/product-reviews/B00H90PS92/ref=cm_cr_arp_d_paging_btm_3?ie=UTF8&filterByStar=critical&pageNumber=3&reviewerType=all_reviews","null"
"1582057670-4045","https://www.amazon.de/AVM-Farbdisplay-beleuchtete-Tastatur-deutschsprachige-Wei%C3%9F/product-reviews/B00H90PS92/ref=cm_cr_arp_d_viewpnt_rgt?ie=UTF8&reviewerType=all_reviews&filterByStar=critical&pageNumber=1","Peter H.","Schlechter Service !","3. August 2017","habe vor 14 Tagen mein C4 nach Berlin zum Service geschickt (mit RMA Nr. usw.). Mittlerweile 2 x dort angerufen. Man kann mir weder sagen ob das Gerät eingegangen ist, noch wann es repariert oder ausgetauscht wird. Gar nichts ! Laut Aussage werden die Geräte beim Eingang nicht erfasst sondern kommen ""auf den großen Berg"" und werden nacheinander abgearbeitet. Warum ich eine email bekommen habe mit dem Angebot dort anzurufen um mich nach dem Bearbeitungsstatus zu erkundigen ist mir rätselhaft. Es kann mir ja keiner Auskunft geben. Daher nur 1 Stern.
Warte mal ab wie es weitergeht....","1,0 von 5 Sternen","Weiter→","https://www.amazon.de/AVM-Farbdisplay-beleuchtete-Tastatur-deutschsprachige-Wei%C3%9F/product-reviews/B00H90PS92/ref=cm_cr_arp_d_paging_btm_3?ie=UTF8&filterByStar=critical&pageNumber=3&reviewerType=all_reviews","null"
"1582057678-4063","https://www.amazon.de/AVM-Farbdisplay-beleuchtete-Tastatur-deutschsprachige-Wei%C3%9F/product-reviews/B00H90PS92/ref=cm_cr_arp_d_viewpnt_rgt?ie=UTF8&reviewerType=all_reviews&filterByStar=critical&pageNumber=1","Peter Heinitz","Gutes Festnetztelefon mit Schwächen","25. Dezember 2015","+ Schönes, praktisches Display.
+ Nette Funktionen, macht was es soll und arbeitet sehr gut mit meiner FRITZ!Box mit integrierter DECT-Basisstation zusammen.

- Sprachqualität ist OK, aber es rauscht im Lautspecher (Hörer). Wenn man leiser stellt, reduziert sich auch das Rauschen. Aber eigentlich ist das nicht akzeptabel. Bei längeren Telefonaten stört es schon.

- Es hinterlässt bei mir nicht den Eindruck hoher Qualität. Das zuerst gelieferte zeigte mehrere Fehler. Der Austausch war aber Problemlos.

Wichtig: Firmware aktualisieren!

Ich würde es nicht wieder kaufen. Stattdessen lieber eines von Gigaset probieren, auch wenn das nur ein Schwarz/Weiß-Display hat.","3,0 von 5 Sternen","Weiter→","https://www.amazon.de/AVM-Farbdisplay-beleuchtete-Tastatur-deutschsprachige-Wei%C3%9F/product-reviews/B00H90PS92/ref=cm_cr_arp_d_paging_btm_5?ie=UTF8&filterByStar=critical&pageNumber=5&reviewerType=all_reviews","null"
"1582057663-4027","https://www.amazon.de/AVM-Farbdisplay-beleuchtete-Tastatur-deutschsprachige-Wei%C3%9F/product-reviews/B00H90PS92/ref=cm_cr_arp_d_viewpnt_rgt?ie=UTF8&reviewerType=all_reviews&filterByStar=critical&pageNumber=1","Amazon Kunde","Für mich völlig unbrauchbar","10. September 2018","Ein optisch schönes Telefon, das ich zusammen mit der Fritzbox bestellt habe. Leider jedoch für Menschen, die gerne mit der Lautsprecherfunktion telefonieren, völlig unbrauchbar. Ich habe zwei mal mit dem AVM Kundendienst telefoniert und Hinweise bekommen die leider alle nichts geholfen haben. Viele der angerufenen bemängelten meine Stimme als computermäßig, unnormal, hallend, gedämpft, unnatürlich und leicht verzerrt. Ich denke AVM weiß genau von diesem Problem, aber man stellt sich mit großer Freundlichkeit völlig unwissend und überrascht. Die vielen schlechten Rezensionen wegen der schlechten Tonqualität, die auch alle von AVM kommentiert wurden, sprechen eine andere Sprache. Dies war der Grund warum das Telefon zurück geschickt werden musste. Eine wirkliche Enttäuschung und deshab auch nur 1 Stern.","1,0 von 5 Sternen","","","null"
"1582057663-4024","https://www.amazon.de/AVM-Farbdisplay-beleuchtete-Tastatur-deutschsprachige-Wei%C3%9F/product-reviews/B00H90PS92/ref=cm_cr_arp_d_viewpnt_rgt?ie=UTF8&reviewerType=all_reviews&filterByStar=critical&pageNumber=1","Pseudonymous","Schwankendes, schwaches Signal - schlechte Reichweite","24. November 2017","Obwohl das Telefon bei uns üblicherweise 4 von 5 Balken anzeigt ertönt in unregelmäßigen Zeitabständen ein Signal das darauf hinweist dass keine Verbindung mehr besteht. Die Signalstärke wird Sekunden später wieder mit 4 Balken angezeigt. Dieses Phänomen ist sehr unbefriedigend. Leider bin ich bereits außerhalb der Rückgabezeit, sonst wäre das Telefon umgehend zurückgegangen. Habe mir jetzt parallel dazu das Gigaset S850A GO zugelegt, das eine wesentlich bessere Reichweite hat. Auch das Telefonbuch der Fritzbox kann problemos eingelesen werden.","1,0 von 5 Sternen","","","null"
"1582057663-4026","https://www.amazon.de/AVM-Farbdisplay-beleuchtete-Tastatur-deutschsprachige-Wei%C3%9F/product-reviews/B00H90PS92/ref=cm_cr_arp_d_viewpnt_rgt?ie=UTF8&reviewerType=all_reviews&filterByStar=critical&pageNumber=1","Andy Straus","Funktionalität top aber Risse im Gehäuse","15. Oktober 2017","Die Funktionalität dieser Telefone ist unschlagbar (siehe andere Rezensionen), aber...

Wir besitzen mittlerweile drei Exemplare dieses Modells (zwei bei meiner Schwiegermutter gut ein Jahr alt) und alle weisen inzwischen kleine Risse seitlich auf der Oberseite zwischen erster und zweiter Tastenreihe auf. Das ältere C5, das wir auch noch haben, ist dagegen noch tadellos. Also wenn ein Telefon einen Riss hat, würde ich sagen, mal böse runtergefallen, dieselbe Symptomatik bei allen drei Modellen weist doch eher auf ein Fertigungssproblem hin. Nachdem die Frontplatte genau an diesen Stellen rückseitig mit Schrauben befestigt ist (sieht man, wenn man die hintere Abdeckplatte abnimmt), tippe ich mal daruf, dass diese zu fest angezogen wurden, sodass der Kunststoff auf Dauer der übermäßigen Kraft nicht standhalten konnte (Genau deswegen gibt es Drehmomentschrauber). Ich habe meine Vermutung an AVM weitergeleitet, mal sehen, was die dazu sagen.","3,0 von 5 Sternen","","","null"
"1582057667-4039","https://www.amazon.de/AVM-Farbdisplay-beleuchtete-Tastatur-deutschsprachige-Wei%C3%9F/product-reviews/B00H90PS92/ref=cm_cr_arp_d_viewpnt_rgt?ie=UTF8&reviewerType=all_reviews&filterByStar=critical&pageNumber=1","Apolu","Tolles Telefon! Leider nach 2,3 Jhr. Defekt! 👎","10. November 2016","Nach Einkauf in 2016 bewertet:
Also, dieses Telefon kann ich wirklich besten Gewissens empfehlen. Vor allem denjenigen, welche etwas schlechter hören. Die Lautsprecherfunktion ist klasse. Laut und deutlich ohne Nebengeräusche. Funktionalität einfachst auch für Nichttechnikversierte einzurichten und Anzeige tiptop, schöne Farben und Größe prima. Die Möglichkeiten welche das Telefon bietet wie bspw. EMailabfrage, Nachrichtenabfrage mittels einfachster Bedienung. Von mir 5+ Punkte und meine Empfehlung.

Jetzt bewertet, in Anfang 2019:
Nach 2,3 Jhr. muss ich meine 5* zurücknehmen. Ich liebte dieses Telefon wirklich, aber jetzt brechen meine Telefonate nach ca. 10-15 Sek. einfach ab. Garantie anscheinend nicht mehr möglich, da 3Monate über Garantiezeit drüber...... Ich wollte nach dem Akku schauen und machte den Deckel auf, also man sieht nur, dass der ganze Inhalt mit einer Platte, welche vernietet ist, zu ist. Wenn man daran will, macht man das ganze Telefon kaputt. Daher mein Daumen nach unten 👎. Ich muss es jetzt wegschmeißen, leider!
Ich ärgere mich über diese Fristen, wonach ab Garantieende die Teile kaputt gehen. Grrrr......","1,0 von 5 Sternen","Weiter→","https://www.amazon.de/AVM-Farbdisplay-beleuchtete-Tastatur-deutschsprachige-Wei%C3%9F/product-reviews/B00H90PS92/ref=cm_cr_arp_d_paging_btm_2?ie=UTF8&filterByStar=critical&pageNumber=2&reviewerType=all_reviews","null"
"1582057670-4050","https://www.amazon.de/AVM-Farbdisplay-beleuchtete-Tastatur-deutschsprachige-Wei%C3%9F/product-reviews/B00H90PS92/ref=cm_cr_arp_d_viewpnt_rgt?ie=UTF8&reviewerType=all_reviews&filterByStar=critical&pageNumber=1","MrSyrus","Display + Support","5. Juli 2019","Nachtag:
Bei dem Gerät (AVM Fritz Fon C4) hängt sich immer wieder das Display auf. Ist wohl eine bekanntes Problem wenn etwas im Netz recherchiert.
Lösung vom AVM Support: Akku. Raus => 2 Minuten warten => Akku wieder rein und hoffen, dass es sich gleich wieder aufhängt.
Ist eine sehr Professionelle Lösung!
Der Support konnte mir auch nicht weiterhelfen, da ich immer wieder nach einer Technischen Lösung gefragt hatte. Die hatten sich immer bei der Gewährleistung festgebissen, obwohl ich doch nur einen technischen Tipp wollte (Gerät ist älter als 2 Jahre)!

So, daher sind nun alle AVM Produkte aus meinem Haus verbannt worden!

@AVM
So geht man nicht mit Kunden um!!! Ich wünsche auch keine Kontaktaufnahme, denn Sie hatten ihre Chance.","1,0 von 5 Sternen","Weiter→","https://www.amazon.de/AVM-Farbdisplay-beleuchtete-Tastatur-deutschsprachige-Wei%C3%9F/product-reviews/B00H90PS92/ref=cm_cr_arp_d_paging_btm_3?ie=UTF8&filterByStar=critical&pageNumber=3&reviewerType=all_reviews","null"
"1582057670-4049","https://www.amazon.de/AVM-Farbdisplay-beleuchtete-Tastatur-deutschsprachige-Wei%C3%9F/product-reviews/B00H90PS92/ref=cm_cr_arp_d_viewpnt_rgt?ie=UTF8&reviewerType=all_reviews&filterByStar=critical&pageNumber=1","MCL Computer-Spezialisten de GmbH","Bestes Telefon mit Materialschwächen","20. Juli 2015","Das Telefon ansich ist super, dazu wurde sicherlich genug geschrieben. Leider ist aber das Plastik der Blende so schlecht, das es nach 1-2 Jahren brüchig wird und Risse bekommt. Wenn man dann nach ablauf der Garantie bei AVM nach einem Ersatzteil fragt muss man leider feststellen das man diese Front-Blende nicht einzeln kaufen kann.
Fazit: Blöd das hier ein minderwertiger Plastik benutzt wurde. Noch blöder, dass dann zumindest AVM dieses Teil nicht einzeln als Ersatzteil verkauft.","3,0 von 5 Sternen","Weiter→","https://www.amazon.de/AVM-Farbdisplay-beleuchtete-Tastatur-deutschsprachige-Wei%C3%9F/product-reviews/B00H90PS92/ref=cm_cr_arp_d_paging_btm_3?ie=UTF8&filterByStar=critical&pageNumber=3&reviewerType=all_reviews","null"
"1582057685-4081","https://www.amazon.de/AVM-Farbdisplay-beleuchtete-Tastatur-deutschsprachige-Wei%C3%9F/product-reviews/B00H90PS92/ref=cm_cr_arp_d_viewpnt_rgt?ie=UTF8&reviewerType=all_reviews&filterByStar=critical&pageNumber=1","Adorno","Starkes Grundrauschen, viele Features","19. Dezember 2015","Wer von einem 5 Jahre alten Gigaset wechselt, wird sich wundern, wie gut sich sich DECT-Telefone anfühlen können, welche Features sie haben können, da sind die vergleichbar teuren Produkte von Gigaset MEILENWEIT entfernt!

Negativ: es scheint eine zu billige Sendeeinheit verbaut worden zu sein, das Telefon rauscht bereits _vor_ dem Aufbau der Verbindung stark und rauscht weiter bis zum Ende des Gesprächs.
Nach Lektüre anderer Rezensionen kann ich vermuten, daß der Übertragungsweg (Kabel/VoIP/ISDN) keine Rolle spielt.","3,0 von 5 Sternen","Weiter→","https://www.amazon.de/AVM-Farbdisplay-beleuchtete-Tastatur-deutschsprachige-Wei%C3%9F/product-reviews/B00H90PS92/ref=cm_cr_arp_d_paging_btm_6?ie=UTF8&filterByStar=critical&pageNumber=6&reviewerType=all_reviews","null"
"1582057667-4033","https://www.amazon.de/AVM-Farbdisplay-beleuchtete-Tastatur-deutschsprachige-Wei%C3%9F/product-reviews/B00H90PS92/ref=cm_cr_arp_d_viewpnt_rgt?ie=UTF8&reviewerType=all_reviews&filterByStar=critical&pageNumber=1","macgrafix","Nicht schlecht, aber schlechter als das ""AVM FRITZ!Fon MT-F""","22. November 2016","und zwar in folgenden Punkten:
1. Akku hält nicht solange wie beim AVM FRITZ!Fon MT-F (das liegt wohl auch daran, dass selbst kleine Bewegungen/Erschütterungen ständig das Display einschalten)
2. Sprachqualität am Hörer und beim Freisprechen ebenfalls weniger gut (laut Feedback verschiedener Gesprächspartner)
3. Pfeifen und andere Störgeräusche beim Telefonieren (überwiegend bei internen Anrufen)

Sieht schön aus, würde ich aber nicht erneut kaufen. Das AVM FRITZ!Fon MT-F aber sehr wohl, denn mit diesem bin ich insgesamt erheblich zufriedener!

(Nachtrag 14.01.2017)
...und noch ein weiterer Punkt ist mir aufgefallen:
stelle ich den Weckruf ein zeigt das Modell ""MT-F"" mir dies mit einem Symbol auf dem Startbildschirm - das ""C4"" nicht (!)","3,0 von 5 Sternen","Weiter→","https://www.amazon.de/AVM-Farbdisplay-beleuchtete-Tastatur-deutschsprachige-Wei%C3%9F/product-reviews/B00H90PS92/ref=cm_cr_arp_d_paging_btm_2?ie=UTF8&filterByStar=critical&pageNumber=2&reviewerType=all_reviews","null"
"1582057667-4040","https://www.amazon.de/AVM-Farbdisplay-beleuchtete-Tastatur-deutschsprachige-Wei%C3%9F/product-reviews/B00H90PS92/ref=cm_cr_arp_d_viewpnt_rgt?ie=UTF8&reviewerType=all_reviews&filterByStar=critical&pageNumber=1","C.B.","An sich gutes Gerät - aber Display nach Ablauf der Garantie / Firmwareupdate defekt","28. April 2019","An sich ein schönes Telefon und die Einbindung ist auch für Laien einfach. Die Tonqualität passt und es tut, was es soll.

ABER:

wie bei so vielen ist auch bei mir das Display defekt geworden - nach Ablauf der Garantiezeit und kurz nachdem ich das Firmwareupdate auf 01.4.25 gemacht habe (obwohl das durch ging).
Ab und an sieht man noch etwas auf dem Display. aber ansonsten nur entweder heller Bildschirm oder verschobene Streifen oder sonst etwas.

Die Tipps auf der AVM Seite
FRITZ!Fon C4 Service
Display (Anzeige) defekt
haben allenfalls nur kurzfristig etwas gebracht - aber schon nach wenigen Minuten nichts mehr. Insofern Elektroschrott...","2,0 von 5 Sternen","Weiter→","https://www.amazon.de/AVM-Farbdisplay-beleuchtete-Tastatur-deutschsprachige-Wei%C3%9F/product-reviews/B00H90PS92/ref=cm_cr_arp_d_paging_btm_2?ie=UTF8&filterByStar=critical&pageNumber=2&reviewerType=all_reviews","null"
"1582057678-4070","https://www.amazon.de/AVM-Farbdisplay-beleuchtete-Tastatur-deutschsprachige-Wei%C3%9F/product-reviews/B00H90PS92/ref=cm_cr_arp_d_viewpnt_rgt?ie=UTF8&reviewerType=all_reviews&filterByStar=critical&pageNumber=1","Batman","Der Empfang......","31. Januar 2017","Viele Funktionen in Verbindung mit der Fritz Box. Das ist gut.
Die Reichweite verdient ihren Namen eigentlich nicht.
Mein Anderes 29 Euro Mobilteil ist bei weitem Besser.
Schon eine Etage im EH höher ist fast das Aus.
Wer eine kleine Wohnung hat, dürfte zufrieden sei, ich bin es nicht.","1,0 von 5 Sternen","Weiter→","https://www.amazon.de/AVM-Farbdisplay-beleuchtete-Tastatur-deutschsprachige-Wei%C3%9F/product-reviews/B00H90PS92/ref=cm_cr_arp_d_paging_btm_5?ie=UTF8&filterByStar=critical&pageNumber=5&reviewerType=all_reviews","null"
"1582057663-4028","https://www.amazon.de/AVM-Farbdisplay-beleuchtete-Tastatur-deutschsprachige-Wei%C3%9F/product-reviews/B00H90PS92/ref=cm_cr_arp_d_viewpnt_rgt?ie=UTF8&reviewerType=all_reviews&filterByStar=critical&pageNumber=1","MIDI","Tolles Gerät; DECT: Luft nach oben und lästige Störgeräusche","2. August 2016","Allerdings ist die DECT-Reichweite (natürlich abhängig von den tatsächlichen baulichen Gegebenheiten) der FritzBox (in unserem Fall 7390) nicht wirklich toll!
Über zwei Stockwerke wird es eng: Störgeräusche und Verbindungsabbrüche sind die Folge. Das war/ist mit anderen Telefonen nicht der Fall. Damit hatten wir im ganzen Haus/Garten vollen Empfang.
Jetzt haben wir uns mit dem (leider recht teuren) DECT Repeater 100 geholfen und dann klappt es auch wieder überall. Leider sind die knackenden Störgeräusche (vorwiegend beim Gesprächspartner) geblieben! Egal ob am Repeater oder direkt an der Box eingebucht. das war mit Geräten anderer Hersteller nicht so: toller Empfang, ohne Störungen im ganzen Haus und Garten! Da sollte AVM aber tunlichst dran arbeiten; mit einem Telefon sollte man zumindest auch störungsfrei telefonieren können ...

Das ist aber auch der einzige negative Kritikpunkt des Gerätes (in Zusammenspiel mit der jeweiligen FritzBox). Alles andere (Telefon- und Komfortfunktionen) sind zahlreich und ausgezeichnet!

Unter Hinweis auf das Ausloten der tatsächlichen baulichen Gegebenheiten vor Ort eine eindeutige Kaufempfehlung.","3,0 von 5 Sternen","","","null"
"1582057685-4078","https://www.amazon.de/AVM-Farbdisplay-beleuchtete-Tastatur-deutschsprachige-Wei%C3%9F/product-reviews/B00H90PS92/ref=cm_cr_arp_d_viewpnt_rgt?ie=UTF8&reviewerType=all_reviews&filterByStar=critical&pageNumber=1","Walle51","Schönes Gerät aber mangelhaft","19. April 2018","Das Telefon ließ sich einfach mit der FritzBox verbinden. Allerdings reagierte auch nach stundenlangem Aufladen die Ladeanzeige nicht. D.h., es war nicht erkennbar, ob der Akku geladen wird bzw. geladen ist. Deshalb muss das Gerät zurück. Von der Endkontrolle bei AVM bin ich etwas enttäuscht. Hoffentlich ist es beim Ersatzgerät besser, sonst war's das mit Fritz Fon.","2,0 von 5 Sternen","Weiter→","https://www.amazon.de/AVM-Farbdisplay-beleuchtete-Tastatur-deutschsprachige-Wei%C3%9F/product-reviews/B00H90PS92/ref=cm_cr_arp_d_paging_btm_6?ie=UTF8&filterByStar=critical&pageNumber=6&reviewerType=all_reviews","null"
"1582057685-4075","https://www.amazon.de/AVM-Farbdisplay-beleuchtete-Tastatur-deutschsprachige-Wei%C3%9F/product-reviews/B00H90PS92/ref=cm_cr_arp_d_viewpnt_rgt?ie=UTF8&reviewerType=all_reviews&filterByStar=critical&pageNumber=1","Rezensent","An sich gut. Finger weg, wenn man ein Headset benutzen möchte","25. Mai 2016","Das Telefon funktioniert ohne Headset einwandfrei.

Zwei Sterne ziehe ich ab, weil ich kein einziges Headset finden konnte, das mit diesem Telefon funktioniert. Der Support konnte mir auch nicht helfen. Wer also ein Headset nutzen will sollte vorher die Rezensionen hier nach ""Headset"" durchsuchen: das scheint ein Konstruktionsfehler zu sein. Im Internet habe ich auch viele Beschreibungen des Problems gefunden.

Habe das Telefon trotzdem behalten und nutze als Workaround die Fon App von AVM auf meinem iPhone oder iPad.
Das funktioniert und ist gut benutzbar.","3,0 von 5 Sternen","Weiter→","https://www.amazon.de/AVM-Farbdisplay-beleuchtete-Tastatur-deutschsprachige-Wei%C3%9F/product-reviews/B00H90PS92/ref=cm_cr_arp_d_paging_btm_6?ie=UTF8&filterByStar=critical&pageNumber=6&reviewerType=all_reviews","null"
"1582057674-4056","https://www.amazon.de/AVM-Farbdisplay-beleuchtete-Tastatur-deutschsprachige-Wei%C3%9F/product-reviews/B00H90PS92/ref=cm_cr_arp_d_viewpnt_rgt?ie=UTF8&reviewerType=all_reviews&filterByStar=critical&pageNumber=1","S. U.","Gesprächsabbrüche, geringe Reichweite, defekte Displays","13. April 2017","Meiner Meinung nach ein weiterhin unausgereifetes Produkt:

Im Vergleich zu Gigaset-Telefonen geringe Reichweite (auch ohne Verschlüsselung), häufige Gesprächsabbrüche und Knacken in der Leitung auch direkt neben der Fritzbox. Display war nach einigen Wochen defekt. Auch Austauschgeräte haben keine Besserung gebracht.

AVM Produkte grundsätzlich TOP, das Fritzfon ist aber nicht zu gebrauchen.","1,0 von 5 Sternen","Weiter→","https://www.amazon.de/AVM-Farbdisplay-beleuchtete-Tastatur-deutschsprachige-Wei%C3%9F/product-reviews/B00H90PS92/ref=cm_cr_arp_d_paging_btm_4?ie=UTF8&filterByStar=critical&pageNumber=4&reviewerType=all_reviews","null"
"1582057674-4061","https://www.amazon.de/AVM-Farbdisplay-beleuchtete-Tastatur-deutschsprachige-Wei%C3%9F/product-reviews/B00H90PS92/ref=cm_cr_arp_d_viewpnt_rgt?ie=UTF8&reviewerType=all_reviews&filterByStar=critical&pageNumber=1","Horst S.","Gehen alle nach 4-12 Monaten kaputt","18. April 2019","Wir haben nun bereits 4-5 solcher Telefone in Gebrauch gehabt.
Nach spätestens einem Jahr ist immer etwas kaputt.
Entweder steht das Display am Kopf, oder es ist total verzerrt.
Manchmal geht es einfach gar nicht mehr. Eins hat sich immer ausgeschaltet,
obwohl der Akku voll war. Beim nächsten gingen irgendwann die Tasten nicht mehr.
Unsere Kunden am anderen Ende der Leitung ärgern sich, weil es dauern knackt
in der Leitung oder die Verbindung wird komplett unterbrochen.
Jetzt ist wieder eins kaputt, das wir im Dezember 2018 gekauft hatten, also 4 Monate alt ist.
KEINE KAUFEMPFEHLUNG, mir ist unerklärlich, wieso das Telefon so gute Rezessionen hat.
Vielleicht nutzen die Personen es nur sporadisch. Als Firmentelefon ist es eine totale Katastrophe.","1,0 von 5 Sternen","Weiter→","https://www.amazon.de/AVM-Farbdisplay-beleuchtete-Tastatur-deutschsprachige-Wei%C3%9F/product-reviews/B00H90PS92/ref=cm_cr_arp_d_paging_btm_4?ie=UTF8&filterByStar=critical&pageNumber=4&reviewerType=all_reviews","null"
"1582057674-4054","https://www.amazon.de/AVM-Farbdisplay-beleuchtete-Tastatur-deutschsprachige-Wei%C3%9F/product-reviews/B00H90PS92/ref=cm_cr_arp_d_viewpnt_rgt?ie=UTF8&reviewerType=all_reviews&filterByStar=critical&pageNumber=1","frankythereal","Das Telefon ist wirklich gut jedoch die Akkus leider nicht","20. September 2016","Das Telefon wird mit dem Flagschiff von AVM betrieben einer FRITZ!Box 7490. Die Funktionen und öfters mal vorkommenden Firmwareupdates sind sehr gut. Das einzige was doof ist, sind die Akkus. Da das Telefon scheinbar kein sauberes Lademanagement besitzt Zerkochen nach 6 Monaten die Akkus.
Wir haben diese bei allen 3 Geräten ergo das ist nur eine Ausnahme ersetzt bekommen. Hier wurde uns aber Seitens AVM direkt auch mitgeteilt das dies auch nur beim ersten mal passiert das diese kostenlos ersetzt werden würden. Danach Kosten diese.","3,0 von 5 Sternen","Weiter→","https://www.amazon.de/AVM-Farbdisplay-beleuchtete-Tastatur-deutschsprachige-Wei%C3%9F/product-reviews/B00H90PS92/ref=cm_cr_arp_d_paging_btm_4?ie=UTF8&filterByStar=critical&pageNumber=4&reviewerType=all_reviews","null"
"1582057674-4055","https://www.amazon.de/AVM-Farbdisplay-beleuchtete-Tastatur-deutschsprachige-Wei%C3%9F/product-reviews/B00H90PS92/ref=cm_cr_arp_d_viewpnt_rgt?ie=UTF8&reviewerType=all_reviews&filterByStar=critical&pageNumber=1","Durchblick","Hersteller überzeugt, allerdings nicht mit der C4-Telefon-Generation","23. Oktober 2019","Diese Telefon-Generation hat offenbar so seine Tücken. Flackernde und teilweise gänzlich weiße Bildschrime. Häufiger Reset notwendig, somit nicht befriedigend zuverlässig. Insbesondere in zweiten Hälfte der Nutzungszeitraum von 5 Jahren zusehends anfällig. Innerhalb von 5 Jahren waren bei zwei Telefonen jeweils die vorgenannten Symptome zu beobachten. Die LI-Akku-Leistung (Haltedauer) ist bestenfalls bescheiden, m.E.  nicht zeitgemäß, wenn man den Austausch und damit den Verschleiß von zwei Li-Ionen-Akkus pro Telefon betrachtet. Ich kann als treuer AVM-Kunde nur hoffen, dass die C5-Generation von FritzFon besser ist.","2,0 von 5 Sternen","Weiter→","https://www.amazon.de/AVM-Farbdisplay-beleuchtete-Tastatur-deutschsprachige-Wei%C3%9F/product-reviews/B00H90PS92/ref=cm_cr_arp_d_paging_btm_4?ie=UTF8&filterByStar=critical&pageNumber=4&reviewerType=all_reviews","null"
"1582057674-4058","https://www.amazon.de/AVM-Farbdisplay-beleuchtete-Tastatur-deutschsprachige-Wei%C3%9F/product-reviews/B00H90PS92/ref=cm_cr_arp_d_viewpnt_rgt?ie=UTF8&reviewerType=all_reviews&filterByStar=critical&pageNumber=1","Seriöser Kunde","Mikrofon zu leise","9. November 2014","Ich möchte nur auf den Umstand hinweisen, dass bei meinem Exemplar offenbar das Mikrofon sehr leise ist (der Gesprächspartner also vergleichsweise lauter regeln muss). Ich habe das neuste Firmwareupdate drauf und auch alle Einstellungen und Tipps aus dem Netz beherzigt, leider ohne Erfolg. Ich habe noch Hoffnung, dass ein zukünftigt Update hier noch Abhilfe schafft, dann gäbe es von mir volle Punktzahl.

Ach, noch ein Punkt auf den ich hinweisen möchte: Der Klinkenanschluss zum Anschluss für das Headset ist ein anderer als der für meine bisherigen älteren DECT-Telefone (Gigaset-Reihe). Ich habe leider bis heute noch keinen passenden Adapter gefunden. Wer das Fritzfon also mit Headset benutzen möchte, sollte vorher nochmals genau die Kompatibilität checken.","3,0 von 5 Sternen","Weiter→","https://www.amazon.de/AVM-Farbdisplay-beleuchtete-Tastatur-deutschsprachige-Wei%C3%9F/product-reviews/B00H90PS92/ref=cm_cr_arp_d_paging_btm_4?ie=UTF8&filterByStar=critical&pageNumber=4&reviewerType=all_reviews","null"
"1582057685-4080","https://www.amazon.de/AVM-Farbdisplay-beleuchtete-Tastatur-deutschsprachige-Wei%C3%9F/product-reviews/B00H90PS92/ref=cm_cr_arp_d_viewpnt_rgt?ie=UTF8&reviewerType=all_reviews&filterByStar=critical&pageNumber=1","Chaski","anscheinend gibt es Qualitätsprobleme...","26. Dezember 2014","eingesetzt mit einer 7390, aktuelle Firmware, Internet-Verbindung über 3G - Internetradio, Streaming, Smarthome, alles funktioniert nur bei der Sprachqualität mangelt es erheblich und das ist halt mal die Hauptfunktion eines Telefons.. Beim C4, leichtes Grundrauschen schon beim abheben, beim Gespräch versteht der Gegenüber dann fast nichts mehr. Gespräche mit einem alten AVM MT-D - kein Grundrauschen, gute Sprachqualität auf beiden Seiten. Auch die Deaktivierung der HD-Telefonie brachte nichts. Versuche es nun nochmals mit einem Ersatzgerät.

Ersatzgerät erhalten, das gleiche Problem. Mittlerweile an einem DSL-Anschluss probiert, leichtes Rauschen, nicht wirklich störend - funktioniert gut.
Nur bei einer Internetverbindung mittels Mobilfunkanbieter im UMTS-Netz ist das Teil nicht zu gebrauchen, genau die gleichen Probleme wie mit dem ersten Gerät. Priorisierung wie von AVM vorgeschlagen, geht bei Internetverbindung über Mobilfunkanbieter nicht. Erstaunlich, dass das alte AVM MT-D problemlos funktioniert, auch mit einem Gigaset Gerät keine Probleme. Muss also am C4 oder an der (aktuellen) Software liegen. Wird wahrscheinlich nur wenige Nutzer betreffen, da am DSL-Anschluss alles funktioniert - daher 3 Sterne","3,0 von 5 Sternen","Weiter→","https://www.amazon.de/AVM-Farbdisplay-beleuchtete-Tastatur-deutschsprachige-Wei%C3%9F/product-reviews/B00H90PS92/ref=cm_cr_arp_d_paging_btm_6?ie=UTF8&filterByStar=critical&pageNumber=6&reviewerType=all_reviews","null"
"1582057674-4062","https://www.amazon.de/AVM-Farbdisplay-beleuchtete-Tastatur-deutschsprachige-Wei%C3%9F/product-reviews/B00H90PS92/ref=cm_cr_arp_d_viewpnt_rgt?ie=UTF8&reviewerType=all_reviews&filterByStar=critical&pageNumber=1","T. Nagy","Finger weg!!!","21. November 2018","Wie auch sein ""schwarzer Bruder"" macht das Gerät anfänglich Spaß. Alles in Ordnung. Aber wie der schwarze Bruder machte es auch nach 3 Jahren Gebrauch beim laden der vielen updates schlapp.  Das Display wird weiß und reagiert nicht mehr. Ein ""Kaltstart"" lässt es kurzfristig wieder aufleben, aber beim 1. Anruf ist schon wieder Schluss. Sehr ärgerlich, für ein Qualitätsprodukt ""made in Germany"". Meine Meinung: Finger weg von den FritzFons, egal welchen Datums!","1,0 von 5 Sternen","Weiter→","https://www.amazon.de/AVM-Farbdisplay-beleuchtete-Tastatur-deutschsprachige-Wei%C3%9F/product-reviews/B00H90PS92/ref=cm_cr_arp_d_paging_btm_4?ie=UTF8&filterByStar=critical&pageNumber=4&reviewerType=all_reviews","null"
"1582057674-4060","https://www.amazon.de/AVM-Farbdisplay-beleuchtete-Tastatur-deutschsprachige-Wei%C3%9F/product-reviews/B00H90PS92/ref=cm_cr_arp_d_viewpnt_rgt?ie=UTF8&reviewerType=all_reviews&filterByStar=critical&pageNumber=1","Herr Schulz","Gutes Telefon, aber Headsetbetrieb unmöglich!","23. September 2018","Ich habe mir diese Mobilteil als Ergänzung für das Homeoffice gekauft, weil es eine Headset-Buchse hat, die mit den technischen Daten meines Headsets übereinstimmt. Leider ist diese Funktion unnutzbar, da es am eigenen Ohr ein  leises, aber beständiges Rauschen gibt, auf der Gegenseite aber ein recht lautes. Ich werde ständig gefragt, ob ich in einem ICE bei offenem Fenster sitze. Für diesen Zeck unbrauchbar, diverse Foren beschreiben das Problem, ohne eine Lösung liefern zu können. Auch ein Ersatzgerät lieferte kein besseres Ergebnis mit meinen drei verschiedenen Headsets. Offenbar ist dieses Problem AVM bekannt, was es meiner Ansicht noch schlimmer macht...

Ansonsten aber nett, weil Zugriff auf zentrales Telefonbuch der Fritzbox, etc.. Ohne Headsetnutzung ein gutes Gerät, man kann sogar das Hintergrundbild selbst bestimmen.","3,0 von 5 Sternen","Weiter→","https://www.amazon.de/AVM-Farbdisplay-beleuchtete-Tastatur-deutschsprachige-Wei%C3%9F/product-reviews/B00H90PS92/ref=cm_cr_arp_d_paging_btm_4?ie=UTF8&filterByStar=critical&pageNumber=4&reviewerType=all_reviews","null"
"1582057663-4023","https://www.amazon.de/AVM-Farbdisplay-beleuchtete-Tastatur-deutschsprachige-Wei%C3%9F/product-reviews/B00H90PS92/ref=cm_cr_arp_d_viewpnt_rgt?ie=UTF8&reviewerType=all_reviews&filterByStar=critical&pageNumber=1","Divaformat","Display defekt, Support unbefriedigend","19. Oktober 2017","Leider kann ich diesem Telefon nichts gutes mehr abgewinnen. Kurz nach der Gewährleistung fiel das Display komplett aus. Nach Anruf bei der Servicehotline sah man sich ausserstande, den Schaden auf Kulanz zu beheben. Wenn ich jetzt die 1*- bzw. 2** Sterne Rezessionen lese, koche ich über, da AVM bei fast jeder Userbewertung seinen obligatorischen nongelanten Senf dazu gibt und die über 1.900 positiven Bewertungen als Grundlage für ein erfolgreiches Telefon anführt. Falls noch jemand die 3 Satz Rechnung beherrscht, zähle ich 1* + 2** Bewertungen zusammen, ergibt dies auf die Gesamtrezessionen fast 15% unzufriedene Anwender. AVM sollte sich schleunigst eine andere Lösung einfallen lassen, wie mit belehrenden Wortpassagen dem Kunden Verständnis abringen zu wollen. Hier liegt ganz klar ein technischer Defekt eines vermutlich fernöstlichen Bauteiles vor, der unendschuldbar ist.","1,0 von 5 Sternen","","","null"
"1582057670-4047","https://www.amazon.de/AVM-Farbdisplay-beleuchtete-Tastatur-deutschsprachige-Wei%C3%9F/product-reviews/B00H90PS92/ref=cm_cr_arp_d_viewpnt_rgt?ie=UTF8&reviewerType=all_reviews&filterByStar=critical&pageNumber=1","Patrick Kuhlen","Normales DECT telefon","29. März 2018","Gegenüber anderen DECT-Telefonen Ein paar Features in Verbindung mit der Fritzbox, aber alles eher Spielerei und wenig nützlich.
Ansonsten ein eher durchschnittliches Telefon.
Solide gebaut aber auch nicht unzerstörbar. Akkuhaltbarkeit mäßig.
Bei längerer Zeit außerhalb der Ladestation kann sich der Akku tiefenentladen, Es ist eine echte Herausforderung das Telefon aus diesem Zustand wiederzubeleben. Nach Firmware-Update etwas besser, Problem aber gelegentlich immer noch vorhanden.
Akku musste nach 2 Jahren bereits getauscht werden.

Fazit: Neben weichen Faktoren (Design, persönlichen Präferenzen etc.) gibt es keinen Grund sich für dieses Gerät zu entscheiden.
Es gibt gleichwertige Geräte für den halben Preis.","3,0 von 5 Sternen","Weiter→","https://www.amazon.de/AVM-Farbdisplay-beleuchtete-Tastatur-deutschsprachige-Wei%C3%9F/product-reviews/B00H90PS92/ref=cm_cr_arp_d_paging_btm_3?ie=UTF8&filterByStar=critical&pageNumber=3&reviewerType=all_reviews","null"
"1582057670-4048","https://www.amazon.de/AVM-Farbdisplay-beleuchtete-Tastatur-deutschsprachige-Wei%C3%9F/product-reviews/B00H90PS92/ref=cm_cr_arp_d_viewpnt_rgt?ie=UTF8&reviewerType=all_reviews&filterByStar=critical&pageNumber=1","Alexander","Unterbrechungen der Telefonate und Displayausfall","30. Dezember 2018","Dies ist schon das zweite C4, das nicht einwandfrei funktioniert.
Beim ersten hatte der Gesprächspartner derartig viele Knack-eräusche und unterbrechungen, dass ein Gespräch kaum möglich war. Auf unserer Seite war die Audio-Quaität gut.
Bei dem als Ersatz gekauften Gerät war leider nach einem halben Jahr das Display gestört. Mal war die Anzeige völlig verzerrt, mal fehlte eine Farbe, einmal stand die Anzeige überkopf und zeigte zwei verschiedeneUhrzeiten (siehe Bild).
Schade, dass dieses formschöne Gerät leider nichts taugt.","1,0 von 5 Sternen","Weiter→","https://www.amazon.de/AVM-Farbdisplay-beleuchtete-Tastatur-deutschsprachige-Wei%C3%9F/product-reviews/B00H90PS92/ref=cm_cr_arp_d_paging_btm_3?ie=UTF8&filterByStar=critical&pageNumber=3&reviewerType=all_reviews","null"
"1582057670-4052","https://www.amazon.de/AVM-Farbdisplay-beleuchtete-Tastatur-deutschsprachige-Wei%C3%9F/product-reviews/B00H90PS92/ref=cm_cr_arp_d_viewpnt_rgt?ie=UTF8&reviewerType=all_reviews&filterByStar=critical&pageNumber=1","Michael S.","Display defekt!  ...ein Schelm wer dabei Böses denkt!","29. Dezember 2018","Das Telefon ist in der ganzen Zeit nicht herunter gefallen und wurde immer pfleglich und sachgemäß behandelt. Trotzdem fällt kurz nach Ablauf der Gewährleistungsfrist das Display aus. Das scheint, wie man den vielen negativen Rezensionen entnehmen kann, kein Einzelfall zu sein. Weitere Erläuterungen erspare ich mir deshalb. Ich habe an AVM die Bitte, nicht mit ihrer Standardantwort zu reagieren. Diese habe ich zur Genüge gelesen. Danach legen Sie großen Wert auf Qualität und Langlebigkeit Ihrer Produkte. Langlebigkeit definiere ich anders. Kulanz und Reparatur sind auch nicht möglich, also Elektronikschrott! Nachhaltig ist das auch nicht.","1,0 von 5 Sternen","Weiter→","https://www.amazon.de/AVM-Farbdisplay-beleuchtete-Tastatur-deutschsprachige-Wei%C3%9F/product-reviews/B00H90PS92/ref=cm_cr_arp_d_paging_btm_3?ie=UTF8&filterByStar=critical&pageNumber=3&reviewerType=all_reviews","null"
"1582057674-4059","https://www.amazon.de/AVM-Farbdisplay-beleuchtete-Tastatur-deutschsprachige-Wei%C3%9F/product-reviews/B00H90PS92/ref=cm_cr_arp_d_viewpnt_rgt?ie=UTF8&reviewerType=all_reviews&filterByStar=critical&pageNumber=1","Amazon Kunde","nie wieder","15. Juni 2019","Ich hatte mich so auf die Fritzfon gefreut und dann das. Erst war ein Telefonieren nur noch in einem Umkreis von 1m neben der Fritzbox möglich und ich musste einen Repeater kaufen, damit ich in meiner 70 qm- Wohnung überhaupt zeitweise telefonieren konnte. Dann wurden die Gespräche immer wieder und bei beiden Fons immer wieder mitten im Gespräch unterbrochen. Dann konnte ich wegen eines defekten Displays nicht mehr das Telefonbuch benutzen. Meine Gesprächspartner und es war nicht nur einer und auch bei beiden Telefonen haben sich über ein Scheppern beim Gespräch bescherd. Alles in allem war der ganze Kauf eine echte Horroraktion. Ich kann nur warnen, kauft sie nicht!","1,0 von 5 Sternen","Weiter→","https://www.amazon.de/AVM-Farbdisplay-beleuchtete-Tastatur-deutschsprachige-Wei%C3%9F/product-reviews/B00H90PS92/ref=cm_cr_arp_d_paging_btm_4?ie=UTF8&filterByStar=critical&pageNumber=4&reviewerType=all_reviews","null"
"1582057670-4044","https://www.amazon.de/AVM-Farbdisplay-beleuchtete-Tastatur-deutschsprachige-Wei%C3%9F/product-reviews/B00H90PS92/ref=cm_cr_arp_d_viewpnt_rgt?ie=UTF8&reviewerType=all_reviews&filterByStar=critical&pageNumber=1","Amazon Kunde","Bedienung OK, Sprachqualität schlecht","10. November 2015","Ich verwende das C4 an einer Fritzbox 7490. Zuvor hatte ich die Frotzbox mit Gigasets der 4000er Serie (steinalt) betrieben und diese nur ersetzen wollen, da ich etwas mehr Komfort bei den Anruferlisten und dem Anrufbeantworter haben wollte. Leider kommt das C4 bei weitem nicht an die Sprachqualität der Gigasets ran. Der Lautsprecher scheint einfach mies zu sein. Man hat das Gefühl eine Blechdose am Ohr zu haben. An der Fritzbox scheint es nicht zu liegen, da diese mit den Gigasets wie gesagt eine perfekte Sprachqualität hat. Die auf der AVM-Webseite aufgeführten Optimierungen habe ich alle durchgetestet, ohne eine Besserung feststellen zu können. Allerdings habe ich ja auch nicht so dort beschriebenen VoIP-typischen Probleme (Jitter usw.) sondern m.E. liegt es wirklich nur am schlechten Lautsprecher. Zum Glück habe ich noch zwei Gigasets behalten...

Update Feb. 2016: Nachdem das Schnarren immer schlimmer wurde und man Gespräche z.T. nur noch mit großen Anstrengungen verstehen konnte, habe ich bei Amazon einen Austausch durchgeführt (schnell und unproblematisch). Und siehe da: Das Austauschgerät hatte eine deutlich (!) bessere Sprachqualität und klingt nicht mehr wie eine Blechdose. An die Sprachqualität eines Gigaset kommt es zwar noch immer nicht heran, aber der höhere Bedienkomfort gleich das aus.","3,0 von 5 Sternen","Weiter→","https://www.amazon.de/AVM-Farbdisplay-beleuchtete-Tastatur-deutschsprachige-Wei%C3%9F/product-reviews/B00H90PS92/ref=cm_cr_arp_d_paging_btm_3?ie=UTF8&filterByStar=critical&pageNumber=3&reviewerType=all_reviews","null"
"1582057663-4032","https://www.amazon.de/AVM-Farbdisplay-beleuchtete-Tastatur-deutschsprachige-Wei%C3%9F/product-reviews/B00H90PS92/ref=cm_cr_arp_d_viewpnt_rgt?ie=UTF8&reviewerType=all_reviews&filterByStar=critical&pageNumber=1","Markus Lommer","Tolles Telefon, leider nicht sehr haltbar","14. Juni 2019","Das Fritzfon ist eigentlich die perfekte Ergänzung zur Fritzbox. Klangqualität ist super, Funktionen sind durchdacht, besonders das Telefonbuch lieben wir.
Leider haben die Telefone zumindest bei uns die Eigenschaft, kurz nach Ablauf der 2 Jahre Garantie kaputt zu gehen. Bei AVM bekommt man dann trotz eigentlich 5 Jahren Herstellergarantie gesagtes, dass man es für fast 40EUR Bearbeitungsgebühr zur Überprüfung einsenden soll. Damit ist die „Garantie“ für mich defacto nichts wert.
Das ist mir sowohl beim ersten (schwarzen) als auch zweiten Gerät (C4) passiert. Aus Mangel an Alternativen habe ich nun nochmal ein C4 bestellt, in der Hoffnung, dass es diesmal länger hält.
Fazit: tolles Gerät, geringe Lebensdauer, Garantieversprechen ist Augenwischerei.","3,0 von 5 Sternen","","","null"
"1582057678-4067","https://www.amazon.de/AVM-Farbdisplay-beleuchtete-Tastatur-deutschsprachige-Wei%C3%9F/product-reviews/B00H90PS92/ref=cm_cr_arp_d_viewpnt_rgt?ie=UTF8&reviewerType=all_reviews&filterByStar=critical&pageNumber=1","IlonaHRO","Nie wieder!","21. Januar 2018","Zwei Monate in Betrieb und immer wieder gehofft, dass sich die Sprachqualität bessert! Leider muss ich sagen, dass das nicht der Fall ist. Schwankungen in der Lautstärke sind nervig. Die Reichweite zum Router beträgt unter 10m, so dass man sich zum Telefonieren immer in Sichtweite befinden muss! Das Telefon mit ins andere Zimmer zu nehmen ist sinnlos! Ich muss von diesem Kauf abraten! Besser ein unabhängiges Telefon zum Router kaufen!!!!","1,0 von 5 Sternen","Weiter→","https://www.amazon.de/AVM-Farbdisplay-beleuchtete-Tastatur-deutschsprachige-Wei%C3%9F/product-reviews/B00H90PS92/ref=cm_cr_arp_d_paging_btm_5?ie=UTF8&filterByStar=critical&pageNumber=5&reviewerType=all_reviews","null"
"1582057667-4034","https://www.amazon.de/AVM-Farbdisplay-beleuchtete-Tastatur-deutschsprachige-Wei%C3%9F/product-reviews/B00H90PS92/ref=cm_cr_arp_d_viewpnt_rgt?ie=UTF8&reviewerType=all_reviews&filterByStar=critical&pageNumber=1","Amazon Kunde","Display defekt nach wenigen Wochen.","2. September 2017","Nach einiger Zeit im Betrieb, bleibt das Display weiß. Danach neugestartet und Softwareupdate ausgegührt. Telefon geht wieder einige Wochen. Danach wieder weißes Display bis heute. Selbst der Online Hinweis mit dem Akku rausnehmen hilft nicht mehr. Ab zurück zu AVM mit dem billigen Mist. Finde die Qualität von Fritz besch.... Nie wieder ein Produkt von AVM.","1,0 von 5 Sternen","Weiter→","https://www.amazon.de/AVM-Farbdisplay-beleuchtete-Tastatur-deutschsprachige-Wei%C3%9F/product-reviews/B00H90PS92/ref=cm_cr_arp_d_paging_btm_2?ie=UTF8&filterByStar=critical&pageNumber=2&reviewerType=all_reviews","null"
"1582057685-4079","https://www.amazon.de/AVM-Farbdisplay-beleuchtete-Tastatur-deutschsprachige-Wei%C3%9F/product-reviews/B00H90PS92/ref=cm_cr_arp_d_viewpnt_rgt?ie=UTF8&reviewerType=all_reviews&filterByStar=critical&pageNumber=1","David Sackmann","Kurze Lebensdauer","4. Dezember 2019","Meine Wahl fiel vor 3 Jahren und 3 Monaten auf das FRITZ!fon C4. Ich habe gleich 3 Geräte im Haus im Einsatz. Leider sind inzwischen zwei von drei Geräte defekt und das fast zur selben Zeit. Bei einem Gerät ist das Display defekt und beim anderen Gerät ein Wackelkontakt, welcher dazu führt, dass sich das Gerät nur sporadisch anschalten lässt und immer wieder aus geht wenn es dann mal an ist. Somit auch nicht mehr nutzbar.
Sehr Schade, da ich überzeugt war eine gewisse Qualität gekauft zu haben. Im ""Langzeittest"" allerdings komplett durchgefallen!!","1,0 von 5 Sternen","Weiter→","https://www.amazon.de/AVM-Farbdisplay-beleuchtete-Tastatur-deutschsprachige-Wei%C3%9F/product-reviews/B00H90PS92/ref=cm_cr_arp_d_paging_btm_6?ie=UTF8&filterByStar=critical&pageNumber=6&reviewerType=all_reviews","null"
